Spotify URI,Voter ID,Created,Points Assigned,Comment,Round ID
spotify:track:0vTEksNDRuJxDMLOOgn0fA,35e568d0fd964671b63dfded1e805166,2025-09-18T22:09:04Z,1,,a62cd51699f048569b0d0db7317e9195
spotify:track:7ve57V35wY1HpX92EqWWK0,35e568d0fd964671b63dfded1e805166,2025-09-18T22:09:04Z,4,,a62cd51699f048569b0d0db7317e9195
spotify:track:7uv632EkfwYhXoqf8rhYrg,35e568d0fd964671b63dfded1e805166,2025-09-18T22:09:04Z,1,,a62cd51699f048569b0d0db7317e9195
spotify:track:6DemMiyzRQIurW3tyd123p,35e568d0fd964671b63dfded1e805166,2025-09-18T22:09:04Z,1,,a62cd51699f048569b0d0db7317e9195
spotify:track:3f7OyfSoDbQC0LRDQiytPp,35e568d0fd964671b63dfded1e805166,2025-09-18T22:09:04Z,1,,a62cd51699f048569b0d0db7317e9195
spotify:track:0dMqh7owbgadoPtGQQxgI6,35e568d0fd964671b63dfded1e805166,2025-09-18T22:09:04Z,2,,a62cd51699f048569b0d0db7317e9195
spotify:track:3f7OyfSoDbQC0LRDQiytPp,94efaee821454596a097af4e4e15e770,2025-09-19T12:50:31Z,2,,a62cd51699f048569b0d0db7317e9195
spotify:track:2bQbVK7TNLKUODFQbdXKED,94efaee821454596a097af4e4e15e770,2025-09-19T12:50:31Z,5,,a62cd51699f048569b0d0db7317e9195
spotify:track:6AGVTz3PYx4CrssOhUy6fV,94efaee821454596a097af4e4e15e770,2025-09-19T12:50:31Z,3,,a62cd51699f048569b0d0db7317e9195
spotify:track:6AGVTz3PYx4CrssOhUy6fV,600f9469a79f4f72a4134cd162895e16,2025-09-22T15:51:34Z,2,,a62cd51699f048569b0d0db7317e9195
spotify:track:37OthWMtTnnEYyXZXndNKF,600f9469a79f4f72a4134cd162895e16,2025-09-22T15:51:34Z,2,,a62cd51699f048569b0d0db7317e9195
spotify:track:1EjIXKhNHI00ZLMRpS8iz8,600f9469a79f4f72a4134cd162895e16,2025-09-22T15:51:34Z,2,,a62cd51699f048569b0d0db7317e9195
spotify:track:0dMqh7owbgadoPtGQQxgI6,600f9469a79f4f72a4134cd162895e16,2025-09-22T15:51:34Z,2,,a62cd51699f048569b0d0db7317e9195
spotify:track:7ve57V35wY1HpX92EqWWK0,600f9469a79f4f72a4134cd162895e16,2025-09-22T15:51:34Z,2,,a62cd51699f048569b0d0db7317e9195
spotify:track:7uv632EkfwYhXoqf8rhYrg,7d6f896a800440399fc393038965c91a,2025-09-23T10:46:46Z,5,,a62cd51699f048569b0d0db7317e9195
spotify:track:0dMqh7owbgadoPtGQQxgI6,7d6f896a800440399fc393038965c91a,2025-09-23T10:46:46Z,3,,a62cd51699f048569b0d0db7317e9195
spotify:track:0vTEksNDRuJxDMLOOgn0fA,7d6f896a800440399fc393038965c91a,2025-09-23T10:46:46Z,2,,a62cd51699f048569b0d0db7317e9195
spotify:track:7uv632EkfwYhXoqf8rhYrg,0f799cdea74542d58e7cbae2f55295ba,2025-09-23T20:27:23Z,3,,a62cd51699f048569b0d0db7317e9195
spotify:track:6AGVTz3PYx4CrssOhUy6fV,0f799cdea74542d58e7cbae2f55295ba,2025-09-23T20:27:23Z,3,,a62cd51699f048569b0d0db7317e9195
spotify:track:1EjIXKhNHI00ZLMRpS8iz8,0f799cdea74542d58e7cbae2f55295ba,2025-09-23T20:27:23Z,3,,a62cd51699f048569b0d0db7317e9195
spotify:track:7ve57V35wY1HpX92EqWWK0,0f799cdea74542d58e7cbae2f55295ba,2025-09-23T20:27:23Z,1,,a62cd51699f048569b0d0db7317e9195
spotify:track:7ve57V35wY1HpX92EqWWK0,358deb46768b435fa9792a0b07ec3edc,2025-09-23T20:30:47Z,2,,a62cd51699f048569b0d0db7317e9195
spotify:track:0vTEksNDRuJxDMLOOgn0fA,358deb46768b435fa9792a0b07ec3edc,2025-09-23T20:30:47Z,1,,a62cd51699f048569b0d0db7317e9195
spotify:track:2bQbVK7TNLKUODFQbdXKED,358deb46768b435fa9792a0b07ec3edc,2025-09-23T20:30:47Z,2,,a62cd51699f048569b0d0db7317e9195
spotify:track:3f7OyfSoDbQC0LRDQiytPp,358deb46768b435fa9792a0b07ec3edc,2025-09-23T20:30:47Z,1,,a62cd51699f048569b0d0db7317e9195
spotify:track:6AGVTz3PYx4CrssOhUy6fV,358deb46768b435fa9792a0b07ec3edc,2025-09-23T20:30:47Z,1,,a62cd51699f048569b0d0db7317e9195
spotify:track:6DemMiyzRQIurW3tyd123p,358deb46768b435fa9792a0b07ec3edc,2025-09-23T20:30:47Z,1,,a62cd51699f048569b0d0db7317e9195
spotify:track:7uv632EkfwYhXoqf8rhYrg,358deb46768b435fa9792a0b07ec3edc,2025-09-23T20:30:47Z,2,,a62cd51699f048569b0d0db7317e9195
spotify:track:7ve57V35wY1HpX92EqWWK0,e5bc1d75d91047bf8c5a85cfa65c8ec3,2025-09-25T08:48:54Z,3,,a62cd51699f048569b0d0db7317e9195
spotify:track:7uv632EkfwYhXoqf8rhYrg,e5bc1d75d91047bf8c5a85cfa65c8ec3,2025-09-25T08:48:54Z,2,,a62cd51699f048569b0d0db7317e9195
spotify:track:3f7OyfSoDbQC0LRDQiytPp,e5bc1d75d91047bf8c5a85cfa65c8ec3,2025-09-25T08:48:54Z,2,,a62cd51699f048569b0d0db7317e9195
spotify:track:0vTEksNDRuJxDMLOOgn0fA,e5bc1d75d91047bf8c5a85cfa65c8ec3,2025-09-25T08:48:54Z,3,,a62cd51699f048569b0d0db7317e9195
spotify:track:6AGVTz3PYx4CrssOhUy6fV,4ae7b0f87ef54f6aa2c0d84fd5095bc0,2025-09-25T09:04:50Z,1,,a62cd51699f048569b0d0db7317e9195
spotify:track:3f7OyfSoDbQC0LRDQiytPp,4ae7b0f87ef54f6aa2c0d84fd5095bc0,2025-09-25T09:04:50Z,1,,a62cd51699f048569b0d0db7317e9195
spotify:track:37OthWMtTnnEYyXZXndNKF,4ae7b0f87ef54f6aa2c0d84fd5095bc0,2025-09-25T09:04:50Z,1,,a62cd51699f048569b0d0db7317e9195
spotify:track:2bQbVK7TNLKUODFQbdXKED,4ae7b0f87ef54f6aa2c0d84fd5095bc0,2025-09-25T09:04:50Z,1,,a62cd51699f048569b0d0db7317e9195
spotify:track:0dMqh7owbgadoPtGQQxgI6,4ae7b0f87ef54f6aa2c0d84fd5095bc0,2025-09-25T09:04:50Z,1,,a62cd51699f048569b0d0db7317e9195
spotify:track:0vTEksNDRuJxDMLOOgn0fA,4ae7b0f87ef54f6aa2c0d84fd5095bc0,2025-09-25T09:04:50Z,1,,a62cd51699f048569b0d0db7317e9195
spotify:track:7ve57V35wY1HpX92EqWWK0,4ae7b0f87ef54f6aa2c0d84fd5095bc0,2025-09-25T09:04:50Z,2,,a62cd51699f048569b0d0db7317e9195
spotify:track:7uv632EkfwYhXoqf8rhYrg,4ae7b0f87ef54f6aa2c0d84fd5095bc0,2025-09-25T09:04:50Z,1,,a62cd51699f048569b0d0db7317e9195
spotify:track:6DemMiyzRQIurW3tyd123p,4ae7b0f87ef54f6aa2c0d84fd5095bc0,2025-09-25T09:04:50Z,1,,a62cd51699f048569b0d0db7317e9195
spotify:track:0vTEksNDRuJxDMLOOgn0fA,1fbeb8e751b34026ab02e32e0c33ac04,2025-09-25T09:11:50Z,1,,a62cd51699f048569b0d0db7317e9195
spotify:track:7ve57V35wY1HpX92EqWWK0,1fbeb8e751b34026ab02e32e0c33ac04,2025-09-25T09:11:50Z,2,,a62cd51699f048569b0d0db7317e9195
spotify:track:7uv632EkfwYhXoqf8rhYrg,1fbeb8e751b34026ab02e32e0c33ac04,2025-09-25T09:11:50Z,3,,a62cd51699f048569b0d0db7317e9195
spotify:track:6DemMiyzRQIurW3tyd123p,1fbeb8e751b34026ab02e32e0c33ac04,2025-09-25T09:11:50Z,1,,a62cd51699f048569b0d0db7317e9195
spotify:track:6AGVTz3PYx4CrssOhUy6fV,1fbeb8e751b34026ab02e32e0c33ac04,2025-09-25T09:11:50Z,1,,a62cd51699f048569b0d0db7317e9195
spotify:track:37OthWMtTnnEYyXZXndNKF,1fbeb8e751b34026ab02e32e0c33ac04,2025-09-25T09:11:50Z,1,,a62cd51699f048569b0d0db7317e9195
spotify:track:0dMqh7owbgadoPtGQQxgI6,1fbeb8e751b34026ab02e32e0c33ac04,2025-09-25T09:11:50Z,1,,a62cd51699f048569b0d0db7317e9195
spotify:track:0jqK7sGTLsHPkQrrcrGuKD,0f799cdea74542d58e7cbae2f55295ba,2025-09-29T10:29:56Z,1,,e9382c5151f4497a8a8e43ec0e443454
spotify:track:2DBlfjL5chsdeULzhTp5K8,0f799cdea74542d58e7cbae2f55295ba,2025-09-29T10:29:56Z,2,,e9382c5151f4497a8a8e43ec0e443454
spotify:track:3JOVTQ5h8HGFnDdp4VT3MP,0f799cdea74542d58e7cbae2f55295ba,2025-09-29T10:29:56Z,1,,e9382c5151f4497a8a8e43ec0e443454
spotify:track:3Vby4nGmtbDo7HDJamOWkT,0f799cdea74542d58e7cbae2f55295ba,2025-09-29T10:29:56Z,3,,e9382c5151f4497a8a8e43ec0e443454
spotify:track:67iAlVNDDdddxqSD2EZhFs,0f799cdea74542d58e7cbae2f55295ba,2025-09-29T10:29:56Z,3,,e9382c5151f4497a8a8e43ec0e443454
spotify:track:0jqK7sGTLsHPkQrrcrGuKD,e5bc1d75d91047bf8c5a85cfa65c8ec3,2025-09-29T10:45:00Z,3,,e9382c5151f4497a8a8e43ec0e443454
spotify:track:2DBlfjL5chsdeULzhTp5K8,e5bc1d75d91047bf8c5a85cfa65c8ec3,2025-09-29T10:45:00Z,2,,e9382c5151f4497a8a8e43ec0e443454
spotify:track:6uGGlSAw2XtruAqFV8ST8J,e5bc1d75d91047bf8c5a85cfa65c8ec3,2025-09-29T10:45:00Z,2,,e9382c5151f4497a8a8e43ec0e443454
spotify:track:7nFSZ3VRZJZoUw6DWVOXV8,e5bc1d75d91047bf8c5a85cfa65c8ec3,2025-09-29T10:45:00Z,3,,e9382c5151f4497a8a8e43ec0e443454
spotify:track:04MQqUj2S30n3eKG47196I,358deb46768b435fa9792a0b07ec3edc,2025-09-29T11:07:29Z,3,,e9382c5151f4497a8a8e43ec0e443454
spotify:track:0jqK7sGTLsHPkQrrcrGuKD,358deb46768b435fa9792a0b07ec3edc,2025-09-29T11:07:29Z,1,,e9382c5151f4497a8a8e43ec0e443454
spotify:track:2DBlfjL5chsdeULzhTp5K8,358deb46768b435fa9792a0b07ec3edc,2025-09-29T11:07:29Z,1,,e9382c5151f4497a8a8e43ec0e443454
spotify:track:3JOVTQ5h8HGFnDdp4VT3MP,358deb46768b435fa9792a0b07ec3edc,2025-09-29T11:07:29Z,2,,e9382c5151f4497a8a8e43ec0e443454
spotify:track:3Vby4nGmtbDo7HDJamOWkT,358deb46768b435fa9792a0b07ec3edc,2025-09-29T11:07:29Z,1,,e9382c5151f4497a8a8e43ec0e443454
spotify:track:67iAlVNDDdddxqSD2EZhFs,358deb46768b435fa9792a0b07ec3edc,2025-09-29T11:07:29Z,2,,e9382c5151f4497a8a8e43ec0e443454
spotify:track:0jqK7sGTLsHPkQrrcrGuKD,d6e274c9bc254d2c843d0f44fa804b98,2025-09-30T11:10:17Z,3,,e9382c5151f4497a8a8e43ec0e443454
spotify:track:3JOVTQ5h8HGFnDdp4VT3MP,d6e274c9bc254d2c843d0f44fa804b98,2025-09-30T11:10:17Z,2,,e9382c5151f4497a8a8e43ec0e443454
spotify:track:3Vby4nGmtbDo7HDJamOWkT,d6e274c9bc254d2c843d0f44fa804b98,2025-09-30T11:10:17Z,4,,e9382c5151f4497a8a8e43ec0e443454
spotify:track:7nFSZ3VRZJZoUw6DWVOXV8,d6e274c9bc254d2c843d0f44fa804b98,2025-09-30T11:10:17Z,1,,e9382c5151f4497a8a8e43ec0e443454
spotify:track:0jqK7sGTLsHPkQrrcrGuKD,35e568d0fd964671b63dfded1e805166,2025-09-30T17:45:33Z,2,,e9382c5151f4497a8a8e43ec0e443454
spotify:track:2DBlfjL5chsdeULzhTp5K8,35e568d0fd964671b63dfded1e805166,2025-09-30T17:45:33Z,2,,e9382c5151f4497a8a8e43ec0e443454
spotify:track:3JOVTQ5h8HGFnDdp4VT3MP,35e568d0fd964671b63dfded1e805166,2025-09-30T17:45:33Z,1,,e9382c5151f4497a8a8e43ec0e443454
spotify:track:5BWxxLNAIUFc91q1daUnLI,35e568d0fd964671b63dfded1e805166,2025-09-30T17:45:33Z,1,,e9382c5151f4497a8a8e43ec0e443454
spotify:track:67iAlVNDDdddxqSD2EZhFs,35e568d0fd964671b63dfded1e805166,2025-09-30T17:45:33Z,1,,e9382c5151f4497a8a8e43ec0e443454
spotify:track:6uGGlSAw2XtruAqFV8ST8J,35e568d0fd964671b63dfded1e805166,2025-09-30T17:45:33Z,3,,e9382c5151f4497a8a8e43ec0e443454
spotify:track:04MQqUj2S30n3eKG47196I,600f9469a79f4f72a4134cd162895e16,2025-10-01T05:52:02Z,1,,e9382c5151f4497a8a8e43ec0e443454
spotify:track:0jqK7sGTLsHPkQrrcrGuKD,600f9469a79f4f72a4134cd162895e16,2025-10-01T05:52:02Z,1,,e9382c5151f4497a8a8e43ec0e443454
spotify:track:3JOVTQ5h8HGFnDdp4VT3MP,600f9469a79f4f72a4134cd162895e16,2025-10-01T05:52:02Z,2,,e9382c5151f4497a8a8e43ec0e443454
spotify:track:3Vby4nGmtbDo7HDJamOWkT,600f9469a79f4f72a4134cd162895e16,2025-10-01T05:52:02Z,2,,e9382c5151f4497a8a8e43ec0e443454
spotify:track:5nVdKodqYGmlUw7cxuYJbf,600f9469a79f4f72a4134cd162895e16,2025-10-01T05:52:02Z,1,,e9382c5151f4497a8a8e43ec0e443454
spotify:track:67iAlVNDDdddxqSD2EZhFs,600f9469a79f4f72a4134cd162895e16,2025-10-01T05:52:02Z,2,,e9382c5151f4497a8a8e43ec0e443454
spotify:track:7nFSZ3VRZJZoUw6DWVOXV8,600f9469a79f4f72a4134cd162895e16,2025-10-01T05:52:02Z,1,,e9382c5151f4497a8a8e43ec0e443454
spotify:track:04MQqUj2S30n3eKG47196I,1fbeb8e751b34026ab02e32e0c33ac04,2025-10-01T07:36:33Z,0,"aaaah, the trauma üòÖ",e9382c5151f4497a8a8e43ec0e443454
spotify:track:2DBlfjL5chsdeULzhTp5K8,1fbeb8e751b34026ab02e32e0c33ac04,2025-10-01T07:36:33Z,3,,e9382c5151f4497a8a8e43ec0e443454
spotify:track:3JOVTQ5h8HGFnDdp4VT3MP,1fbeb8e751b34026ab02e32e0c33ac04,2025-10-01T07:36:33Z,1,,e9382c5151f4497a8a8e43ec0e443454
spotify:track:3Vby4nGmtbDo7HDJamOWkT,1fbeb8e751b34026ab02e32e0c33ac04,2025-10-01T07:36:33Z,2,,e9382c5151f4497a8a8e43ec0e443454
spotify:track:5BWxxLNAIUFc91q1daUnLI,1fbeb8e751b34026ab02e32e0c33ac04,2025-10-01T07:36:33Z,1,,e9382c5151f4497a8a8e43ec0e443454
spotify:track:67iAlVNDDdddxqSD2EZhFs,1fbeb8e751b34026ab02e32e0c33ac04,2025-10-01T07:36:33Z,2,,e9382c5151f4497a8a8e43ec0e443454
spotify:track:6uGGlSAw2XtruAqFV8ST8J,1fbeb8e751b34026ab02e32e0c33ac04,2025-10-01T07:36:33Z,1,,e9382c5151f4497a8a8e43ec0e443454
spotify:track:04MQqUj2S30n3eKG47196I,ca648ccb1a544236ab6e45caefcb8a10,2025-10-01T07:38:50Z,2,,e9382c5151f4497a8a8e43ec0e443454
spotify:track:0jqK7sGTLsHPkQrrcrGuKD,ca648ccb1a544236ab6e45caefcb8a10,2025-10-01T07:38:50Z,1,,e9382c5151f4497a8a8e43ec0e443454
spotify:track:2DBlfjL5chsdeULzhTp5K8,ca648ccb1a544236ab6e45caefcb8a10,2025-10-01T07:38:50Z,1,,e9382c5151f4497a8a8e43ec0e443454
spotify:track:3JOVTQ5h8HGFnDdp4VT3MP,ca648ccb1a544236ab6e45caefcb8a10,2025-10-01T07:38:50Z,2,,e9382c5151f4497a8a8e43ec0e443454
spotify:track:5nVdKodqYGmlUw7cxuYJbf,ca648ccb1a544236ab6e45caefcb8a10,2025-10-01T07:38:50Z,4,,e9382c5151f4497a8a8e43ec0e443454
spotify:track:2DBlfjL5chsdeULzhTp5K8,751eb74df7b64863b23e024d2b9ee01f,2025-10-01T07:52:04Z,3,,e9382c5151f4497a8a8e43ec0e443454
spotify:track:5BWxxLNAIUFc91q1daUnLI,751eb74df7b64863b23e024d2b9ee01f,2025-10-01T07:52:04Z,2,,e9382c5151f4497a8a8e43ec0e443454
spotify:track:5nVdKodqYGmlUw7cxuYJbf,751eb74df7b64863b23e024d2b9ee01f,2025-10-01T07:52:04Z,1,,e9382c5151f4497a8a8e43ec0e443454
spotify:track:6uGGlSAw2XtruAqFV8ST8J,751eb74df7b64863b23e024d2b9ee01f,2025-10-01T07:52:04Z,4,,e9382c5151f4497a8a8e43ec0e443454
spotify:track:0jqK7sGTLsHPkQrrcrGuKD,4ae7b0f87ef54f6aa2c0d84fd5095bc0,2025-10-01T09:29:02Z,1,,e9382c5151f4497a8a8e43ec0e443454
spotify:track:2DBlfjL5chsdeULzhTp5K8,4ae7b0f87ef54f6aa2c0d84fd5095bc0,2025-10-01T09:29:02Z,1,,e9382c5151f4497a8a8e43ec0e443454
spotify:track:3JOVTQ5h8HGFnDdp4VT3MP,4ae7b0f87ef54f6aa2c0d84fd5095bc0,2025-10-01T09:29:02Z,1,,e9382c5151f4497a8a8e43ec0e443454
spotify:track:3Vby4nGmtbDo7HDJamOWkT,4ae7b0f87ef54f6aa2c0d84fd5095bc0,2025-10-01T09:29:02Z,1,,e9382c5151f4497a8a8e43ec0e443454
spotify:track:5BWxxLNAIUFc91q1daUnLI,4ae7b0f87ef54f6aa2c0d84fd5095bc0,2025-10-01T09:29:02Z,1,,e9382c5151f4497a8a8e43ec0e443454
spotify:track:5nVdKodqYGmlUw7cxuYJbf,4ae7b0f87ef54f6aa2c0d84fd5095bc0,2025-10-01T09:29:02Z,1,,e9382c5151f4497a8a8e43ec0e443454
spotify:track:67iAlVNDDdddxqSD2EZhFs,4ae7b0f87ef54f6aa2c0d84fd5095bc0,2025-10-01T09:29:02Z,2,,e9382c5151f4497a8a8e43ec0e443454
spotify:track:6uGGlSAw2XtruAqFV8ST8J,4ae7b0f87ef54f6aa2c0d84fd5095bc0,2025-10-01T09:29:02Z,1,,e9382c5151f4497a8a8e43ec0e443454
spotify:track:7nFSZ3VRZJZoUw6DWVOXV8,4ae7b0f87ef54f6aa2c0d84fd5095bc0,2025-10-01T09:29:02Z,1,,e9382c5151f4497a8a8e43ec0e443454
spotify:track:4ua0IepBEISCWwF8dTJvcU,d6e274c9bc254d2c843d0f44fa804b98,2025-10-06T10:03:05Z,1,,bee77d4da74f4a6d9a3f4026f62c12f8
spotify:track:3YRCqOhFifThpSRFJ1VWFM,d6e274c9bc254d2c843d0f44fa804b98,2025-10-06T10:03:05Z,1,,bee77d4da74f4a6d9a3f4026f62c12f8
spotify:track:3YfS47QufnLDFA71FUsgCM,d6e274c9bc254d2c843d0f44fa804b98,2025-10-06T10:03:05Z,3,,bee77d4da74f4a6d9a3f4026f62c12f8
spotify:track:0yp3TvJNlG50Q4tAHWNCRm,d6e274c9bc254d2c843d0f44fa804b98,2025-10-06T10:03:05Z,2,,bee77d4da74f4a6d9a3f4026f62c12f8
spotify:track:5e9TFTbltYBg2xThimr0rU,d6e274c9bc254d2c843d0f44fa804b98,2025-10-06T10:03:05Z,3,,bee77d4da74f4a6d9a3f4026f62c12f8
spotify:track:3AJwUDP919kvQ9QcozQPxg,e5bc1d75d91047bf8c5a85cfa65c8ec3,2025-10-06T11:59:59Z,3,,bee77d4da74f4a6d9a3f4026f62c12f8
spotify:track:0yp3TvJNlG50Q4tAHWNCRm,e5bc1d75d91047bf8c5a85cfa65c8ec3,2025-10-06T11:59:59Z,2,,bee77d4da74f4a6d9a3f4026f62c12f8
spotify:track:3YRCqOhFifThpSRFJ1VWFM,e5bc1d75d91047bf8c5a85cfa65c8ec3,2025-10-06T11:59:59Z,2,,bee77d4da74f4a6d9a3f4026f62c12f8
spotify:track:5e9TFTbltYBg2xThimr0rU,e5bc1d75d91047bf8c5a85cfa65c8ec3,2025-10-06T11:59:59Z,3,,bee77d4da74f4a6d9a3f4026f62c12f8
spotify:track:3YfS47QufnLDFA71FUsgCM,0f799cdea74542d58e7cbae2f55295ba,2025-10-06T12:15:28Z,5,,bee77d4da74f4a6d9a3f4026f62c12f8
spotify:track:5e9TFTbltYBg2xThimr0rU,0f799cdea74542d58e7cbae2f55295ba,2025-10-06T12:15:28Z,5,,bee77d4da74f4a6d9a3f4026f62c12f8
spotify:track:3AJwUDP919kvQ9QcozQPxg,600f9469a79f4f72a4134cd162895e16,2025-10-06T17:53:04Z,1,,bee77d4da74f4a6d9a3f4026f62c12f8
spotify:track:0yp3TvJNlG50Q4tAHWNCRm,600f9469a79f4f72a4134cd162895e16,2025-10-06T17:53:04Z,5,,bee77d4da74f4a6d9a3f4026f62c12f8
spotify:track:2iUrcZcAuVIahQD0dg9HLe,600f9469a79f4f72a4134cd162895e16,2025-10-06T17:53:04Z,1,,bee77d4da74f4a6d9a3f4026f62c12f8
spotify:track:5e9TFTbltYBg2xThimr0rU,600f9469a79f4f72a4134cd162895e16,2025-10-06T17:53:04Z,2,,bee77d4da74f4a6d9a3f4026f62c12f8
spotify:track:7gVJwjYcHjofd1oarcLv1x,600f9469a79f4f72a4134cd162895e16,2025-10-06T17:53:04Z,1,,bee77d4da74f4a6d9a3f4026f62c12f8
spotify:track:0yp3TvJNlG50Q4tAHWNCRm,35e568d0fd964671b63dfded1e805166,2025-10-07T05:22:54Z,3,,bee77d4da74f4a6d9a3f4026f62c12f8
spotify:track:7gVJwjYcHjofd1oarcLv1x,35e568d0fd964671b63dfded1e805166,2025-10-07T05:22:54Z,1,,bee77d4da74f4a6d9a3f4026f62c12f8
spotify:track:4V0x90QcMh4ZxwHzEWOdtK,35e568d0fd964671b63dfded1e805166,2025-10-07T05:22:54Z,2,,bee77d4da74f4a6d9a3f4026f62c12f8
spotify:track:4ua0IepBEISCWwF8dTJvcU,35e568d0fd964671b63dfded1e805166,2025-10-07T05:22:54Z,2,,bee77d4da74f4a6d9a3f4026f62c12f8
spotify:track:2iUrcZcAuVIahQD0dg9HLe,35e568d0fd964671b63dfded1e805166,2025-10-07T05:22:54Z,2,,bee77d4da74f4a6d9a3f4026f62c12f8
spotify:track:3AJwUDP919kvQ9QcozQPxg,4ae7b0f87ef54f6aa2c0d84fd5095bc0,2025-10-07T05:46:57Z,2,,bee77d4da74f4a6d9a3f4026f62c12f8
spotify:track:0yp3TvJNlG50Q4tAHWNCRm,4ae7b0f87ef54f6aa2c0d84fd5095bc0,2025-10-07T05:46:57Z,1,,bee77d4da74f4a6d9a3f4026f62c12f8
spotify:track:4V0x90QcMh4ZxwHzEWOdtK,4ae7b0f87ef54f6aa2c0d84fd5095bc0,2025-10-07T05:46:57Z,1,,bee77d4da74f4a6d9a3f4026f62c12f8
spotify:track:3YRCqOhFifThpSRFJ1VWFM,4ae7b0f87ef54f6aa2c0d84fd5095bc0,2025-10-07T05:46:57Z,2,,bee77d4da74f4a6d9a3f4026f62c12f8
spotify:track:3YfS47QufnLDFA71FUsgCM,4ae7b0f87ef54f6aa2c0d84fd5095bc0,2025-10-07T05:46:57Z,2,,bee77d4da74f4a6d9a3f4026f62c12f8
spotify:track:7gVJwjYcHjofd1oarcLv1x,4ae7b0f87ef54f6aa2c0d84fd5095bc0,2025-10-07T05:46:57Z,2,,bee77d4da74f4a6d9a3f4026f62c12f8
spotify:track:5MmWgG5KgiqSxkOZdVXRQA,1fbeb8e751b34026ab02e32e0c33ac04,2025-10-07T08:01:21Z,1,,bee77d4da74f4a6d9a3f4026f62c12f8
spotify:track:0yp3TvJNlG50Q4tAHWNCRm,1fbeb8e751b34026ab02e32e0c33ac04,2025-10-07T08:01:21Z,3,,bee77d4da74f4a6d9a3f4026f62c12f8
spotify:track:3AJwUDP919kvQ9QcozQPxg,1fbeb8e751b34026ab02e32e0c33ac04,2025-10-07T08:01:21Z,1,,bee77d4da74f4a6d9a3f4026f62c12f8
spotify:track:3YRCqOhFifThpSRFJ1VWFM,1fbeb8e751b34026ab02e32e0c33ac04,2025-10-07T08:01:21Z,1,,bee77d4da74f4a6d9a3f4026f62c12f8
spotify:track:4V0x90QcMh4ZxwHzEWOdtK,1fbeb8e751b34026ab02e32e0c33ac04,2025-10-07T08:01:21Z,2,,bee77d4da74f4a6d9a3f4026f62c12f8
spotify:track:5e9TFTbltYBg2xThimr0rU,1fbeb8e751b34026ab02e32e0c33ac04,2025-10-07T08:01:21Z,1,"""listen to the wind blows""
but are there any other autumn references in this song? üòÑ",bee77d4da74f4a6d9a3f4026f62c12f8
spotify:track:7gVJwjYcHjofd1oarcLv1x,1fbeb8e751b34026ab02e32e0c33ac04,2025-10-07T08:01:21Z,1,,bee77d4da74f4a6d9a3f4026f62c12f8
spotify:track:3YfS47QufnLDFA71FUsgCM,358deb46768b435fa9792a0b07ec3edc,2025-10-07T08:07:18Z,2,,bee77d4da74f4a6d9a3f4026f62c12f8
spotify:track:3YRCqOhFifThpSRFJ1VWFM,358deb46768b435fa9792a0b07ec3edc,2025-10-07T08:07:18Z,1,,bee77d4da74f4a6d9a3f4026f62c12f8
spotify:track:4ua0IepBEISCWwF8dTJvcU,358deb46768b435fa9792a0b07ec3edc,2025-10-07T08:07:18Z,1,,bee77d4da74f4a6d9a3f4026f62c12f8
spotify:track:4V0x90QcMh4ZxwHzEWOdtK,358deb46768b435fa9792a0b07ec3edc,2025-10-07T08:07:18Z,1,,bee77d4da74f4a6d9a3f4026f62c12f8
spotify:track:5e9TFTbltYBg2xThimr0rU,358deb46768b435fa9792a0b07ec3edc,2025-10-07T08:07:18Z,1,,bee77d4da74f4a6d9a3f4026f62c12f8
spotify:track:5MmWgG5KgiqSxkOZdVXRQA,358deb46768b435fa9792a0b07ec3edc,2025-10-07T08:07:18Z,1,,bee77d4da74f4a6d9a3f4026f62c12f8
spotify:track:7gVJwjYcHjofd1oarcLv1x,358deb46768b435fa9792a0b07ec3edc,2025-10-07T08:07:18Z,1,,bee77d4da74f4a6d9a3f4026f62c12f8
spotify:track:2iUrcZcAuVIahQD0dg9HLe,358deb46768b435fa9792a0b07ec3edc,2025-10-07T08:07:18Z,1,,bee77d4da74f4a6d9a3f4026f62c12f8
spotify:track:0yp3TvJNlG50Q4tAHWNCRm,358deb46768b435fa9792a0b07ec3edc,2025-10-07T08:07:18Z,1,,bee77d4da74f4a6d9a3f4026f62c12f8
spotify:track:4V0x90QcMh4ZxwHzEWOdtK,751eb74df7b64863b23e024d2b9ee01f,2025-10-07T08:47:53Z,3,,bee77d4da74f4a6d9a3f4026f62c12f8
spotify:track:3YRCqOhFifThpSRFJ1VWFM,751eb74df7b64863b23e024d2b9ee01f,2025-10-07T08:47:53Z,3,,bee77d4da74f4a6d9a3f4026f62c12f8
spotify:track:3YfS47QufnLDFA71FUsgCM,751eb74df7b64863b23e024d2b9ee01f,2025-10-07T08:47:53Z,1,,bee77d4da74f4a6d9a3f4026f62c12f8
spotify:track:2iUrcZcAuVIahQD0dg9HLe,751eb74df7b64863b23e024d2b9ee01f,2025-10-07T08:47:53Z,3,,bee77d4da74f4a6d9a3f4026f62c12f8
spotify:track:0yp3TvJNlG50Q4tAHWNCRm,94efaee821454596a097af4e4e15e770,2025-10-07T09:17:16Z,3,,bee77d4da74f4a6d9a3f4026f62c12f8
spotify:track:2iUrcZcAuVIahQD0dg9HLe,94efaee821454596a097af4e4e15e770,2025-10-07T09:17:16Z,3,,bee77d4da74f4a6d9a3f4026f62c12f8
spotify:track:3YRCqOhFifThpSRFJ1VWFM,94efaee821454596a097af4e4e15e770,2025-10-07T09:17:16Z,2,,bee77d4da74f4a6d9a3f4026f62c12f8
spotify:track:4V0x90QcMh4ZxwHzEWOdtK,94efaee821454596a097af4e4e15e770,2025-10-07T09:17:16Z,2,,bee77d4da74f4a6d9a3f4026f62c12f8
spotify:track:4T5Y25pWs2pVZVcFIqFuf8,358deb46768b435fa9792a0b07ec3edc,2025-10-10T11:34:15Z,1,,3b6553ed6cf646b0a84c4f3693f3e960
spotify:track:5TewgNx79xxmaPz1yjdrgj,358deb46768b435fa9792a0b07ec3edc,2025-10-10T11:34:15Z,1,,3b6553ed6cf646b0a84c4f3693f3e960
spotify:track:4CeeEOM32jQcH3eN9Q2dGj,358deb46768b435fa9792a0b07ec3edc,2025-10-10T11:34:15Z,2,,3b6553ed6cf646b0a84c4f3693f3e960
spotify:track:4GCGH6TJ69neckwITeBFXK,358deb46768b435fa9792a0b07ec3edc,2025-10-10T11:34:15Z,1,,3b6553ed6cf646b0a84c4f3693f3e960
spotify:track:5fy4vfEtv6lzqLx2Mt7stF,358deb46768b435fa9792a0b07ec3edc,2025-10-10T11:34:15Z,1,,3b6553ed6cf646b0a84c4f3693f3e960
spotify:track:3MjUtNVVq3C8Fn0MP3zhXa,358deb46768b435fa9792a0b07ec3edc,2025-10-10T11:34:15Z,2,,3b6553ed6cf646b0a84c4f3693f3e960
spotify:track:5ZrDlcxIDZyjOzHdYW1ydr,358deb46768b435fa9792a0b07ec3edc,2025-10-10T11:34:15Z,2,,3b6553ed6cf646b0a84c4f3693f3e960
spotify:track:1Je1IMUlBXcx1Fz0WE7oPT,e5bc1d75d91047bf8c5a85cfa65c8ec3,2025-10-10T12:03:44Z,1,,3b6553ed6cf646b0a84c4f3693f3e960
spotify:track:4CeeEOM32jQcH3eN9Q2dGj,e5bc1d75d91047bf8c5a85cfa65c8ec3,2025-10-10T12:03:44Z,4,,3b6553ed6cf646b0a84c4f3693f3e960
spotify:track:5TewgNx79xxmaPz1yjdrgj,e5bc1d75d91047bf8c5a85cfa65c8ec3,2025-10-10T12:03:44Z,5,,3b6553ed6cf646b0a84c4f3693f3e960
spotify:track:5ZrDlcxIDZyjOzHdYW1ydr,d6e274c9bc254d2c843d0f44fa804b98,2025-10-10T12:11:16Z,1,,3b6553ed6cf646b0a84c4f3693f3e960
spotify:track:1Je1IMUlBXcx1Fz0WE7oPT,d6e274c9bc254d2c843d0f44fa804b98,2025-10-10T12:11:16Z,3,,3b6553ed6cf646b0a84c4f3693f3e960
spotify:track:3MjUtNVVq3C8Fn0MP3zhXa,d6e274c9bc254d2c843d0f44fa804b98,2025-10-10T12:11:16Z,1,,3b6553ed6cf646b0a84c4f3693f3e960
spotify:track:4CeeEOM32jQcH3eN9Q2dGj,d6e274c9bc254d2c843d0f44fa804b98,2025-10-10T12:11:16Z,1,,3b6553ed6cf646b0a84c4f3693f3e960
spotify:track:5moTxUGPZXgGmosl4rIELm,d6e274c9bc254d2c843d0f44fa804b98,2025-10-10T12:11:16Z,2,,3b6553ed6cf646b0a84c4f3693f3e960
spotify:track:5TewgNx79xxmaPz1yjdrgj,d6e274c9bc254d2c843d0f44fa804b98,2025-10-10T12:11:16Z,1,,3b6553ed6cf646b0a84c4f3693f3e960
spotify:track:6qspW4YKycviDFjHBOaqUY,d6e274c9bc254d2c843d0f44fa804b98,2025-10-10T12:11:16Z,1,,3b6553ed6cf646b0a84c4f3693f3e960
spotify:track:4CeeEOM32jQcH3eN9Q2dGj,35e568d0fd964671b63dfded1e805166,2025-10-12T00:35:39Z,3,,3b6553ed6cf646b0a84c4f3693f3e960
spotify:track:4T5Y25pWs2pVZVcFIqFuf8,35e568d0fd964671b63dfded1e805166,2025-10-12T00:35:39Z,3,,3b6553ed6cf646b0a84c4f3693f3e960
spotify:track:5fy4vfEtv6lzqLx2Mt7stF,35e568d0fd964671b63dfded1e805166,2025-10-12T00:35:39Z,3,,3b6553ed6cf646b0a84c4f3693f3e960
spotify:track:5TewgNx79xxmaPz1yjdrgj,35e568d0fd964671b63dfded1e805166,2025-10-12T00:35:39Z,1,,3b6553ed6cf646b0a84c4f3693f3e960
spotify:track:0oIfmcl2WNCYwskrQPcylN,7d6f896a800440399fc393038965c91a,2025-10-13T05:22:41Z,4,,3b6553ed6cf646b0a84c4f3693f3e960
spotify:track:4CeeEOM32jQcH3eN9Q2dGj,7d6f896a800440399fc393038965c91a,2025-10-13T05:22:41Z,3,,3b6553ed6cf646b0a84c4f3693f3e960
spotify:track:5moTxUGPZXgGmosl4rIELm,7d6f896a800440399fc393038965c91a,2025-10-13T05:22:41Z,3,,3b6553ed6cf646b0a84c4f3693f3e960
spotify:track:4CeeEOM32jQcH3eN9Q2dGj,0f799cdea74542d58e7cbae2f55295ba,2025-10-13T11:12:09Z,5,,3b6553ed6cf646b0a84c4f3693f3e960
spotify:track:5moTxUGPZXgGmosl4rIELm,0f799cdea74542d58e7cbae2f55295ba,2025-10-13T11:12:09Z,3,,3b6553ed6cf646b0a84c4f3693f3e960
spotify:track:5TewgNx79xxmaPz1yjdrgj,0f799cdea74542d58e7cbae2f55295ba,2025-10-13T11:12:09Z,2,,3b6553ed6cf646b0a84c4f3693f3e960
spotify:track:0oIfmcl2WNCYwskrQPcylN,94efaee821454596a097af4e4e15e770,2025-10-14T07:22:30Z,2,,3b6553ed6cf646b0a84c4f3693f3e960
spotify:track:4T5Y25pWs2pVZVcFIqFuf8,94efaee821454596a097af4e4e15e770,2025-10-14T07:22:30Z,1,,3b6553ed6cf646b0a84c4f3693f3e960
spotify:track:4z0eFRqqgEq7CgWN7pA3ED,94efaee821454596a097af4e4e15e770,2025-10-14T07:22:30Z,4,,3b6553ed6cf646b0a84c4f3693f3e960
spotify:track:5moTxUGPZXgGmosl4rIELm,94efaee821454596a097af4e4e15e770,2025-10-14T07:22:30Z,3,,3b6553ed6cf646b0a84c4f3693f3e960
spotify:track:0oIfmcl2WNCYwskrQPcylN,600f9469a79f4f72a4134cd162895e16,2025-10-14T08:03:56Z,1,,3b6553ed6cf646b0a84c4f3693f3e960
spotify:track:3MjUtNVVq3C8Fn0MP3zhXa,600f9469a79f4f72a4134cd162895e16,2025-10-14T08:03:56Z,2,,3b6553ed6cf646b0a84c4f3693f3e960
spotify:track:5moTxUGPZXgGmosl4rIELm,600f9469a79f4f72a4134cd162895e16,2025-10-14T08:03:56Z,2,,3b6553ed6cf646b0a84c4f3693f3e960
spotify:track:5TewgNx79xxmaPz1yjdrgj,600f9469a79f4f72a4134cd162895e16,2025-10-14T08:03:56Z,2,,3b6553ed6cf646b0a84c4f3693f3e960
spotify:track:5ZrDlcxIDZyjOzHdYW1ydr,600f9469a79f4f72a4134cd162895e16,2025-10-14T08:03:56Z,3,,3b6553ed6cf646b0a84c4f3693f3e960
spotify:track:1Je1IMUlBXcx1Fz0WE7oPT,751eb74df7b64863b23e024d2b9ee01f,2025-10-14T08:40:58Z,1,Lot's of memories at parties with this song in the background the summer it was released üòÇ Thank you! Now I felt old üòÖ,3b6553ed6cf646b0a84c4f3693f3e960
spotify:track:4CeeEOM32jQcH3eN9Q2dGj,751eb74df7b64863b23e024d2b9ee01f,2025-10-14T08:40:58Z,2,,3b6553ed6cf646b0a84c4f3693f3e960
spotify:track:4z0eFRqqgEq7CgWN7pA3ED,751eb74df7b64863b23e024d2b9ee01f,2025-10-14T08:40:58Z,3,,3b6553ed6cf646b0a84c4f3693f3e960
spotify:track:5fy4vfEtv6lzqLx2Mt7stF,751eb74df7b64863b23e024d2b9ee01f,2025-10-14T08:40:58Z,3,,3b6553ed6cf646b0a84c4f3693f3e960
spotify:track:5ZrDlcxIDZyjOzHdYW1ydr,751eb74df7b64863b23e024d2b9ee01f,2025-10-14T08:40:58Z,1,,3b6553ed6cf646b0a84c4f3693f3e960
spotify:track:0oIfmcl2WNCYwskrQPcylN,1fbeb8e751b34026ab02e32e0c33ac04,2025-10-14T08:54:28Z,3,,3b6553ed6cf646b0a84c4f3693f3e960
spotify:track:4CeeEOM32jQcH3eN9Q2dGj,1fbeb8e751b34026ab02e32e0c33ac04,2025-10-14T08:54:28Z,1,,3b6553ed6cf646b0a84c4f3693f3e960
spotify:track:4GCGH6TJ69neckwITeBFXK,1fbeb8e751b34026ab02e32e0c33ac04,2025-10-14T08:54:28Z,1,,3b6553ed6cf646b0a84c4f3693f3e960
spotify:track:4T5Y25pWs2pVZVcFIqFuf8,1fbeb8e751b34026ab02e32e0c33ac04,2025-10-14T08:54:28Z,1,"porto-(porto)
alfakr√∏√∏ll-(kr√∏√∏ll-kr√∏√∏ll)
frankering
avsender
VR√Ü√Ü√Ü√Ü√Ü√ÜL

https://youtu.be/hESByyph3as?t=1",3b6553ed6cf646b0a84c4f3693f3e960
spotify:track:5fy4vfEtv6lzqLx2Mt7stF,1fbeb8e751b34026ab02e32e0c33ac04,2025-10-14T08:54:28Z,1,,3b6553ed6cf646b0a84c4f3693f3e960
spotify:track:5moTxUGPZXgGmosl4rIELm,1fbeb8e751b34026ab02e32e0c33ac04,2025-10-14T08:54:28Z,2,,3b6553ed6cf646b0a84c4f3693f3e960
spotify:track:6qspW4YKycviDFjHBOaqUY,1fbeb8e751b34026ab02e32e0c33ac04,2025-10-14T08:54:28Z,1,,3b6553ed6cf646b0a84c4f3693f3e960
spotify:track:0oIfmcl2WNCYwskrQPcylN,4ae7b0f87ef54f6aa2c0d84fd5095bc0,2025-10-14T09:04:20Z,2,,3b6553ed6cf646b0a84c4f3693f3e960
spotify:track:1Je1IMUlBXcx1Fz0WE7oPT,4ae7b0f87ef54f6aa2c0d84fd5095bc0,2025-10-14T09:04:20Z,1,,3b6553ed6cf646b0a84c4f3693f3e960
spotify:track:3MjUtNVVq3C8Fn0MP3zhXa,4ae7b0f87ef54f6aa2c0d84fd5095bc0,2025-10-14T09:04:20Z,1,,3b6553ed6cf646b0a84c4f3693f3e960
spotify:track:4CeeEOM32jQcH3eN9Q2dGj,4ae7b0f87ef54f6aa2c0d84fd5095bc0,2025-10-14T09:04:20Z,1,,3b6553ed6cf646b0a84c4f3693f3e960
spotify:track:4GCGH6TJ69neckwITeBFXK,4ae7b0f87ef54f6aa2c0d84fd5095bc0,2025-10-14T09:04:20Z,1,,3b6553ed6cf646b0a84c4f3693f3e960
spotify:track:4T5Y25pWs2pVZVcFIqFuf8,4ae7b0f87ef54f6aa2c0d84fd5095bc0,2025-10-14T09:04:20Z,1,,3b6553ed6cf646b0a84c4f3693f3e960
spotify:track:5moTxUGPZXgGmosl4rIELm,4ae7b0f87ef54f6aa2c0d84fd5095bc0,2025-10-14T09:04:20Z,2,,3b6553ed6cf646b0a84c4f3693f3e960
spotify:track:5TewgNx79xxmaPz1yjdrgj,4ae7b0f87ef54f6aa2c0d84fd5095bc0,2025-10-14T09:04:20Z,1,,3b6553ed6cf646b0a84c4f3693f3e960
spotify:track:0oIfmcl2WNCYwskrQPcylN,ca648ccb1a544236ab6e45caefcb8a10,2025-10-14T09:40:47Z,2,,3b6553ed6cf646b0a84c4f3693f3e960
spotify:track:1Je1IMUlBXcx1Fz0WE7oPT,ca648ccb1a544236ab6e45caefcb8a10,2025-10-14T09:40:47Z,2,,3b6553ed6cf646b0a84c4f3693f3e960
spotify:track:3MjUtNVVq3C8Fn0MP3zhXa,ca648ccb1a544236ab6e45caefcb8a10,2025-10-14T09:40:47Z,1,,3b6553ed6cf646b0a84c4f3693f3e960
spotify:track:4CeeEOM32jQcH3eN9Q2dGj,ca648ccb1a544236ab6e45caefcb8a10,2025-10-14T09:40:47Z,1,,3b6553ed6cf646b0a84c4f3693f3e960
spotify:track:4GCGH6TJ69neckwITeBFXK,ca648ccb1a544236ab6e45caefcb8a10,2025-10-14T09:40:47Z,1,,3b6553ed6cf646b0a84c4f3693f3e960
spotify:track:5moTxUGPZXgGmosl4rIELm,ca648ccb1a544236ab6e45caefcb8a10,2025-10-14T09:40:47Z,1,,3b6553ed6cf646b0a84c4f3693f3e960
spotify:track:5TewgNx79xxmaPz1yjdrgj,ca648ccb1a544236ab6e45caefcb8a10,2025-10-14T09:40:47Z,2,,3b6553ed6cf646b0a84c4f3693f3e960
spotify:track:1aSbQpJBWFSnNywdSTL7LQ,358deb46768b435fa9792a0b07ec3edc,2025-10-17T10:34:19Z,1,,b15242d23b59412cb68d0c7e0790e7f4
spotify:track:1ixbwbeBi5ufN4noUKmW5a,358deb46768b435fa9792a0b07ec3edc,2025-10-17T10:34:19Z,2,,b15242d23b59412cb68d0c7e0790e7f4
spotify:track:4KFM3A5QF2IMcc6nHsu3Wp,358deb46768b435fa9792a0b07ec3edc,2025-10-17T10:34:19Z,3,,b15242d23b59412cb68d0c7e0790e7f4
spotify:track:4nOygULhEuDO5ZBRNPFaso,358deb46768b435fa9792a0b07ec3edc,2025-10-17T10:34:19Z,1,,b15242d23b59412cb68d0c7e0790e7f4
spotify:track:5I2pryLKw0kmA41kEBBhFP,358deb46768b435fa9792a0b07ec3edc,2025-10-17T10:34:19Z,1,,b15242d23b59412cb68d0c7e0790e7f4
spotify:track:6aBUnkXuCEQQHAlTokv9or,358deb46768b435fa9792a0b07ec3edc,2025-10-17T10:34:19Z,1,,b15242d23b59412cb68d0c7e0790e7f4
spotify:track:78lgmZwycJ3nzsdgmPPGNx,358deb46768b435fa9792a0b07ec3edc,2025-10-17T10:34:19Z,1,,b15242d23b59412cb68d0c7e0790e7f4
spotify:track:1aSbQpJBWFSnNywdSTL7LQ,35e568d0fd964671b63dfded1e805166,2025-10-18T11:22:19Z,1,,b15242d23b59412cb68d0c7e0790e7f4
spotify:track:1ixbwbeBi5ufN4noUKmW5a,35e568d0fd964671b63dfded1e805166,2025-10-18T11:22:19Z,2,,b15242d23b59412cb68d0c7e0790e7f4
spotify:track:31CsSZ9KlQmEu0JvWSkM3j,35e568d0fd964671b63dfded1e805166,2025-10-18T11:22:19Z,2,,b15242d23b59412cb68d0c7e0790e7f4
spotify:track:5I2pryLKw0kmA41kEBBhFP,35e568d0fd964671b63dfded1e805166,2025-10-18T11:22:19Z,1,,b15242d23b59412cb68d0c7e0790e7f4
spotify:track:77yGu0p7APK39lotu7CLk5,35e568d0fd964671b63dfded1e805166,2025-10-18T11:22:19Z,2,,b15242d23b59412cb68d0c7e0790e7f4
spotify:track:78lgmZwycJ3nzsdgmPPGNx,35e568d0fd964671b63dfded1e805166,2025-10-18T11:22:19Z,2,,b15242d23b59412cb68d0c7e0790e7f4
spotify:track:1ixbwbeBi5ufN4noUKmW5a,7d6f896a800440399fc393038965c91a,2025-10-20T04:19:33Z,1,,b15242d23b59412cb68d0c7e0790e7f4
spotify:track:4f5a77CWyrI4nko5kZcESs,7d6f896a800440399fc393038965c91a,2025-10-20T04:19:33Z,1,,b15242d23b59412cb68d0c7e0790e7f4
spotify:track:4hsHJDyqcsxRrZzCTRi05c,7d6f896a800440399fc393038965c91a,2025-10-20T04:19:33Z,2,,b15242d23b59412cb68d0c7e0790e7f4
spotify:track:4KFM3A5QF2IMcc6nHsu3Wp,7d6f896a800440399fc393038965c91a,2025-10-20T04:19:33Z,1,,b15242d23b59412cb68d0c7e0790e7f4
spotify:track:4nOygULhEuDO5ZBRNPFaso,7d6f896a800440399fc393038965c91a,2025-10-20T04:19:33Z,1,,b15242d23b59412cb68d0c7e0790e7f4
spotify:track:78lgmZwycJ3nzsdgmPPGNx,7d6f896a800440399fc393038965c91a,2025-10-20T04:19:33Z,1,,b15242d23b59412cb68d0c7e0790e7f4
spotify:track:7j43FohbLVulScL7S9sQZk,7d6f896a800440399fc393038965c91a,2025-10-20T04:19:33Z,3,,b15242d23b59412cb68d0c7e0790e7f4
spotify:track:1aSbQpJBWFSnNywdSTL7LQ,e5bc1d75d91047bf8c5a85cfa65c8ec3,2025-10-20T07:51:40Z,2,,b15242d23b59412cb68d0c7e0790e7f4
spotify:track:1ixbwbeBi5ufN4noUKmW5a,e5bc1d75d91047bf8c5a85cfa65c8ec3,2025-10-20T07:51:40Z,4,,b15242d23b59412cb68d0c7e0790e7f4
spotify:track:5I2pryLKw0kmA41kEBBhFP,e5bc1d75d91047bf8c5a85cfa65c8ec3,2025-10-20T07:51:40Z,1,,b15242d23b59412cb68d0c7e0790e7f4
spotify:track:78lgmZwycJ3nzsdgmPPGNx,e5bc1d75d91047bf8c5a85cfa65c8ec3,2025-10-20T07:51:40Z,3,,b15242d23b59412cb68d0c7e0790e7f4
spotify:track:1ixbwbeBi5ufN4noUKmW5a,ca648ccb1a544236ab6e45caefcb8a10,2025-10-20T10:46:26Z,1,,b15242d23b59412cb68d0c7e0790e7f4
spotify:track:31CsSZ9KlQmEu0JvWSkM3j,ca648ccb1a544236ab6e45caefcb8a10,2025-10-20T10:46:26Z,2,,b15242d23b59412cb68d0c7e0790e7f4
spotify:track:4f5a77CWyrI4nko5kZcESs,ca648ccb1a544236ab6e45caefcb8a10,2025-10-20T10:46:26Z,3,,b15242d23b59412cb68d0c7e0790e7f4
spotify:track:4KFM3A5QF2IMcc6nHsu3Wp,ca648ccb1a544236ab6e45caefcb8a10,2025-10-20T10:46:26Z,1,,b15242d23b59412cb68d0c7e0790e7f4
spotify:track:6aBUnkXuCEQQHAlTokv9or,ca648ccb1a544236ab6e45caefcb8a10,2025-10-20T10:46:26Z,1,,b15242d23b59412cb68d0c7e0790e7f4
spotify:track:77yGu0p7APK39lotu7CLk5,ca648ccb1a544236ab6e45caefcb8a10,2025-10-20T10:46:26Z,1,,b15242d23b59412cb68d0c7e0790e7f4
spotify:track:78lgmZwycJ3nzsdgmPPGNx,ca648ccb1a544236ab6e45caefcb8a10,2025-10-20T10:46:26Z,1,,b15242d23b59412cb68d0c7e0790e7f4
spotify:track:31CsSZ9KlQmEu0JvWSkM3j,d6e274c9bc254d2c843d0f44fa804b98,2025-10-20T13:20:34Z,3,,b15242d23b59412cb68d0c7e0790e7f4
spotify:track:4hsHJDyqcsxRrZzCTRi05c,d6e274c9bc254d2c843d0f44fa804b98,2025-10-20T13:20:34Z,2,,b15242d23b59412cb68d0c7e0790e7f4
spotify:track:4KFM3A5QF2IMcc6nHsu3Wp,d6e274c9bc254d2c843d0f44fa804b98,2025-10-20T13:20:34Z,2,,b15242d23b59412cb68d0c7e0790e7f4
spotify:track:78lgmZwycJ3nzsdgmPPGNx,d6e274c9bc254d2c843d0f44fa804b98,2025-10-20T13:20:34Z,1,,b15242d23b59412cb68d0c7e0790e7f4
spotify:track:7j43FohbLVulScL7S9sQZk,d6e274c9bc254d2c843d0f44fa804b98,2025-10-20T13:20:34Z,2,,b15242d23b59412cb68d0c7e0790e7f4
spotify:track:1ixbwbeBi5ufN4noUKmW5a,0f799cdea74542d58e7cbae2f55295ba,2025-10-20T13:48:16Z,3,,b15242d23b59412cb68d0c7e0790e7f4
spotify:track:77yGu0p7APK39lotu7CLk5,0f799cdea74542d58e7cbae2f55295ba,2025-10-20T13:48:16Z,3,,b15242d23b59412cb68d0c7e0790e7f4
spotify:track:7j43FohbLVulScL7S9sQZk,0f799cdea74542d58e7cbae2f55295ba,2025-10-20T13:48:16Z,4,,b15242d23b59412cb68d0c7e0790e7f4
spotify:track:1ixbwbeBi5ufN4noUKmW5a,1fbeb8e751b34026ab02e32e0c33ac04,2025-10-20T17:35:38Z,1,,b15242d23b59412cb68d0c7e0790e7f4
spotify:track:31CsSZ9KlQmEu0JvWSkM3j,1fbeb8e751b34026ab02e32e0c33ac04,2025-10-20T17:35:38Z,1,saudade ‚ò∫Ô∏è,b15242d23b59412cb68d0c7e0790e7f4
spotify:track:4f5a77CWyrI4nko5kZcESs,1fbeb8e751b34026ab02e32e0c33ac04,2025-10-20T17:35:38Z,1,"Likte sangen, men har den noe med temaet √• gj√∏re?",b15242d23b59412cb68d0c7e0790e7f4
spotify:track:4KFM3A5QF2IMcc6nHsu3Wp,1fbeb8e751b34026ab02e32e0c33ac04,2025-10-20T17:35:38Z,1,,b15242d23b59412cb68d0c7e0790e7f4
spotify:track:78lgmZwycJ3nzsdgmPPGNx,1fbeb8e751b34026ab02e32e0c33ac04,2025-10-20T17:35:38Z,4,,b15242d23b59412cb68d0c7e0790e7f4
spotify:track:7j43FohbLVulScL7S9sQZk,1fbeb8e751b34026ab02e32e0c33ac04,2025-10-20T17:35:38Z,2,,b15242d23b59412cb68d0c7e0790e7f4
spotify:track:31CsSZ9KlQmEu0JvWSkM3j,600f9469a79f4f72a4134cd162895e16,2025-10-21T09:05:47Z,2,,b15242d23b59412cb68d0c7e0790e7f4
spotify:track:7j43FohbLVulScL7S9sQZk,600f9469a79f4f72a4134cd162895e16,2025-10-21T09:05:47Z,1,,b15242d23b59412cb68d0c7e0790e7f4
spotify:track:77yGu0p7APK39lotu7CLk5,600f9469a79f4f72a4134cd162895e16,2025-10-21T09:05:47Z,1,,b15242d23b59412cb68d0c7e0790e7f4
spotify:track:4KFM3A5QF2IMcc6nHsu3Wp,600f9469a79f4f72a4134cd162895e16,2025-10-21T09:05:47Z,1,,b15242d23b59412cb68d0c7e0790e7f4
spotify:track:4hsHJDyqcsxRrZzCTRi05c,600f9469a79f4f72a4134cd162895e16,2025-10-21T09:05:47Z,2,"As an immigrant, sometimes you feel exactly like in this song üòÇ
",b15242d23b59412cb68d0c7e0790e7f4
spotify:track:1ixbwbeBi5ufN4noUKmW5a,600f9469a79f4f72a4134cd162895e16,2025-10-21T09:05:47Z,3,,b15242d23b59412cb68d0c7e0790e7f4
spotify:track:7j43FohbLVulScL7S9sQZk,751eb74df7b64863b23e024d2b9ee01f,2025-10-21T09:09:03Z,3,,b15242d23b59412cb68d0c7e0790e7f4
spotify:track:1aSbQpJBWFSnNywdSTL7LQ,751eb74df7b64863b23e024d2b9ee01f,2025-10-21T09:09:03Z,3,,b15242d23b59412cb68d0c7e0790e7f4
spotify:track:4f5a77CWyrI4nko5kZcESs,751eb74df7b64863b23e024d2b9ee01f,2025-10-21T09:09:03Z,1,,b15242d23b59412cb68d0c7e0790e7f4
spotify:track:77yGu0p7APK39lotu7CLk5,751eb74df7b64863b23e024d2b9ee01f,2025-10-21T09:09:03Z,2,,b15242d23b59412cb68d0c7e0790e7f4
spotify:track:78lgmZwycJ3nzsdgmPPGNx,751eb74df7b64863b23e024d2b9ee01f,2025-10-21T09:09:03Z,1,,b15242d23b59412cb68d0c7e0790e7f4
spotify:track:31CsSZ9KlQmEu0JvWSkM3j,4ae7b0f87ef54f6aa2c0d84fd5095bc0,2025-10-21T09:45:06Z,1,,b15242d23b59412cb68d0c7e0790e7f4
spotify:track:1ixbwbeBi5ufN4noUKmW5a,4ae7b0f87ef54f6aa2c0d84fd5095bc0,2025-10-21T09:45:06Z,1,,b15242d23b59412cb68d0c7e0790e7f4
spotify:track:78lgmZwycJ3nzsdgmPPGNx,4ae7b0f87ef54f6aa2c0d84fd5095bc0,2025-10-21T09:45:06Z,1,,b15242d23b59412cb68d0c7e0790e7f4
spotify:track:6aBUnkXuCEQQHAlTokv9or,4ae7b0f87ef54f6aa2c0d84fd5095bc0,2025-10-21T09:45:06Z,1,,b15242d23b59412cb68d0c7e0790e7f4
spotify:track:4KFM3A5QF2IMcc6nHsu3Wp,4ae7b0f87ef54f6aa2c0d84fd5095bc0,2025-10-21T09:45:06Z,4,,b15242d23b59412cb68d0c7e0790e7f4
spotify:track:4f5a77CWyrI4nko5kZcESs,4ae7b0f87ef54f6aa2c0d84fd5095bc0,2025-10-21T09:45:06Z,2,,b15242d23b59412cb68d0c7e0790e7f4
spotify:track:0S3gpZzlT9Hb7CCSV2owX7,0f799cdea74542d58e7cbae2f55295ba,2025-10-24T10:17:20Z,5,,987698caaa4947409b7f156db8ccaa3a
spotify:track:2MuWTIM3b0YEAskbeeFE1i,0f799cdea74542d58e7cbae2f55295ba,2025-10-24T10:17:20Z,5,,987698caaa4947409b7f156db8ccaa3a
spotify:track:0aWhxzFrP2Yyz3CetJe0xE,e5bc1d75d91047bf8c5a85cfa65c8ec3,2025-10-24T10:45:59Z,1,,987698caaa4947409b7f156db8ccaa3a
spotify:track:0S3gpZzlT9Hb7CCSV2owX7,e5bc1d75d91047bf8c5a85cfa65c8ec3,2025-10-24T10:45:59Z,2,,987698caaa4947409b7f156db8ccaa3a
spotify:track:4XJjazvWtkCG4AMvO92yQg,e5bc1d75d91047bf8c5a85cfa65c8ec3,2025-10-24T10:45:59Z,2,,987698caaa4947409b7f156db8ccaa3a
spotify:track:57bgtoPSgt236HzfBOd8kj,e5bc1d75d91047bf8c5a85cfa65c8ec3,2025-10-24T10:45:59Z,4,,987698caaa4947409b7f156db8ccaa3a
spotify:track:6XjkKruyAUD4B3Y9yUbTBY,e5bc1d75d91047bf8c5a85cfa65c8ec3,2025-10-24T10:45:59Z,1,,987698caaa4947409b7f156db8ccaa3a
spotify:track:088Q9GOYYH1dPtqUyMPrvW,7d6f896a800440399fc393038965c91a,2025-10-24T11:14:33Z,5,,987698caaa4947409b7f156db8ccaa3a
spotify:track:2MuWTIM3b0YEAskbeeFE1i,7d6f896a800440399fc393038965c91a,2025-10-24T11:14:33Z,2,,987698caaa4947409b7f156db8ccaa3a
spotify:track:4XJjazvWtkCG4AMvO92yQg,7d6f896a800440399fc393038965c91a,2025-10-24T11:14:33Z,1,,987698caaa4947409b7f156db8ccaa3a
spotify:track:57bgtoPSgt236HzfBOd8kj,7d6f896a800440399fc393038965c91a,2025-10-24T11:14:33Z,1,,987698caaa4947409b7f156db8ccaa3a
spotify:track:6XjkKruyAUD4B3Y9yUbTBY,7d6f896a800440399fc393038965c91a,2025-10-24T11:14:33Z,1,,987698caaa4947409b7f156db8ccaa3a
spotify:track:088Q9GOYYH1dPtqUyMPrvW,35e568d0fd964671b63dfded1e805166,2025-10-24T15:36:23Z,2,,987698caaa4947409b7f156db8ccaa3a
spotify:track:0aWhxzFrP2Yyz3CetJe0xE,35e568d0fd964671b63dfded1e805166,2025-10-24T15:36:23Z,1,,987698caaa4947409b7f156db8ccaa3a
spotify:track:0S3gpZzlT9Hb7CCSV2owX7,35e568d0fd964671b63dfded1e805166,2025-10-24T15:36:23Z,1,,987698caaa4947409b7f156db8ccaa3a
spotify:track:2MuWTIM3b0YEAskbeeFE1i,35e568d0fd964671b63dfded1e805166,2025-10-24T15:36:23Z,3,,987698caaa4947409b7f156db8ccaa3a
spotify:track:4QKGfL8kmrAp6DobhkPVfq,35e568d0fd964671b63dfded1e805166,2025-10-24T15:36:23Z,1,,987698caaa4947409b7f156db8ccaa3a
spotify:track:4xEbZptSUUOqQzgCKjBWZq,35e568d0fd964671b63dfded1e805166,2025-10-24T15:36:23Z,1,,987698caaa4947409b7f156db8ccaa3a
spotify:track:57bgtoPSgt236HzfBOd8kj,35e568d0fd964671b63dfded1e805166,2025-10-24T15:36:23Z,1,,987698caaa4947409b7f156db8ccaa3a
spotify:track:088Q9GOYYH1dPtqUyMPrvW,358deb46768b435fa9792a0b07ec3edc,2025-10-27T10:40:01Z,1,,987698caaa4947409b7f156db8ccaa3a
spotify:track:0aWhxzFrP2Yyz3CetJe0xE,358deb46768b435fa9792a0b07ec3edc,2025-10-27T10:40:01Z,1,,987698caaa4947409b7f156db8ccaa3a
spotify:track:0S3gpZzlT9Hb7CCSV2owX7,358deb46768b435fa9792a0b07ec3edc,2025-10-27T10:40:01Z,1,,987698caaa4947409b7f156db8ccaa3a
spotify:track:2MuWTIM3b0YEAskbeeFE1i,358deb46768b435fa9792a0b07ec3edc,2025-10-27T10:40:01Z,1,,987698caaa4947409b7f156db8ccaa3a
spotify:track:4QKGfL8kmrAp6DobhkPVfq,358deb46768b435fa9792a0b07ec3edc,2025-10-27T10:40:01Z,0,?? Curious to hear whats the modern equivalent ,987698caaa4947409b7f156db8ccaa3a
spotify:track:4xEbZptSUUOqQzgCKjBWZq,358deb46768b435fa9792a0b07ec3edc,2025-10-27T10:40:01Z,1,,987698caaa4947409b7f156db8ccaa3a
spotify:track:4XJjazvWtkCG4AMvO92yQg,358deb46768b435fa9792a0b07ec3edc,2025-10-27T10:40:01Z,1,,987698caaa4947409b7f156db8ccaa3a
spotify:track:57bgtoPSgt236HzfBOd8kj,358deb46768b435fa9792a0b07ec3edc,2025-10-27T10:40:01Z,4,,987698caaa4947409b7f156db8ccaa3a
spotify:track:088Q9GOYYH1dPtqUyMPrvW,d6e274c9bc254d2c843d0f44fa804b98,2025-10-27T10:54:12Z,3,,987698caaa4947409b7f156db8ccaa3a
spotify:track:2MuWTIM3b0YEAskbeeFE1i,d6e274c9bc254d2c843d0f44fa804b98,2025-10-27T10:54:12Z,4,,987698caaa4947409b7f156db8ccaa3a
spotify:track:4xEbZptSUUOqQzgCKjBWZq,d6e274c9bc254d2c843d0f44fa804b98,2025-10-27T10:54:12Z,1,,987698caaa4947409b7f156db8ccaa3a
spotify:track:57bgtoPSgt236HzfBOd8kj,d6e274c9bc254d2c843d0f44fa804b98,2025-10-27T10:54:12Z,2,,987698caaa4947409b7f156db8ccaa3a
spotify:track:0aWhxzFrP2Yyz3CetJe0xE,1fbeb8e751b34026ab02e32e0c33ac04,2025-10-27T15:52:27Z,3,,987698caaa4947409b7f156db8ccaa3a
spotify:track:0S3gpZzlT9Hb7CCSV2owX7,1fbeb8e751b34026ab02e32e0c33ac04,2025-10-27T15:52:27Z,1,,987698caaa4947409b7f156db8ccaa3a
spotify:track:4QKGfL8kmrAp6DobhkPVfq,1fbeb8e751b34026ab02e32e0c33ac04,2025-10-27T15:52:27Z,4,Legende,987698caaa4947409b7f156db8ccaa3a
spotify:track:4XJjazvWtkCG4AMvO92yQg,1fbeb8e751b34026ab02e32e0c33ac04,2025-10-27T15:52:27Z,1,,987698caaa4947409b7f156db8ccaa3a
spotify:track:57bgtoPSgt236HzfBOd8kj,1fbeb8e751b34026ab02e32e0c33ac04,2025-10-27T15:52:27Z,1,,987698caaa4947409b7f156db8ccaa3a
spotify:track:0aWhxzFrP2Yyz3CetJe0xE,751eb74df7b64863b23e024d2b9ee01f,2025-10-27T16:32:56Z,3,,987698caaa4947409b7f156db8ccaa3a
spotify:track:2MuWTIM3b0YEAskbeeFE1i,751eb74df7b64863b23e024d2b9ee01f,2025-10-27T16:32:56Z,2,,987698caaa4947409b7f156db8ccaa3a
spotify:track:4QKGfL8kmrAp6DobhkPVfq,751eb74df7b64863b23e024d2b9ee01f,2025-10-27T16:32:56Z,1,,987698caaa4947409b7f156db8ccaa3a
spotify:track:57bgtoPSgt236HzfBOd8kj,751eb74df7b64863b23e024d2b9ee01f,2025-10-27T16:32:56Z,2,,987698caaa4947409b7f156db8ccaa3a
spotify:track:6XjkKruyAUD4B3Y9yUbTBY,751eb74df7b64863b23e024d2b9ee01f,2025-10-27T16:32:56Z,2,,987698caaa4947409b7f156db8ccaa3a
spotify:track:088Q9GOYYH1dPtqUyMPrvW,4ae7b0f87ef54f6aa2c0d84fd5095bc0,2025-10-28T10:04:37Z,1,,987698caaa4947409b7f156db8ccaa3a
spotify:track:0aWhxzFrP2Yyz3CetJe0xE,4ae7b0f87ef54f6aa2c0d84fd5095bc0,2025-10-28T10:04:37Z,1,,987698caaa4947409b7f156db8ccaa3a
spotify:track:0S3gpZzlT9Hb7CCSV2owX7,4ae7b0f87ef54f6aa2c0d84fd5095bc0,2025-10-28T10:04:37Z,1,,987698caaa4947409b7f156db8ccaa3a
spotify:track:2MuWTIM3b0YEAskbeeFE1i,4ae7b0f87ef54f6aa2c0d84fd5095bc0,2025-10-28T10:04:37Z,2,,987698caaa4947409b7f156db8ccaa3a
spotify:track:4QKGfL8kmrAp6DobhkPVfq,4ae7b0f87ef54f6aa2c0d84fd5095bc0,2025-10-28T10:04:37Z,3,,987698caaa4947409b7f156db8ccaa3a
spotify:track:57bgtoPSgt236HzfBOd8kj,4ae7b0f87ef54f6aa2c0d84fd5095bc0,2025-10-28T10:04:37Z,2,,987698caaa4947409b7f156db8ccaa3a
spotify:track:0S3gpZzlT9Hb7CCSV2owX7,600f9469a79f4f72a4134cd162895e16,2025-10-28T10:44:49Z,3,,987698caaa4947409b7f156db8ccaa3a
spotify:track:2MuWTIM3b0YEAskbeeFE1i,600f9469a79f4f72a4134cd162895e16,2025-10-28T10:44:49Z,1,,987698caaa4947409b7f156db8ccaa3a
spotify:track:4xEbZptSUUOqQzgCKjBWZq,600f9469a79f4f72a4134cd162895e16,2025-10-28T10:44:49Z,2,,987698caaa4947409b7f156db8ccaa3a
spotify:track:4XJjazvWtkCG4AMvO92yQg,600f9469a79f4f72a4134cd162895e16,2025-10-28T10:44:49Z,2,,987698caaa4947409b7f156db8ccaa3a
spotify:track:57bgtoPSgt236HzfBOd8kj,600f9469a79f4f72a4134cd162895e16,2025-10-28T10:44:49Z,1,,987698caaa4947409b7f156db8ccaa3a
spotify:track:6XjkKruyAUD4B3Y9yUbTBY,600f9469a79f4f72a4134cd162895e16,2025-10-28T10:44:49Z,1,,987698caaa4947409b7f156db8ccaa3a
spotify:track:03UrZgTINDqvnUMbbIMhql,e5bc1d75d91047bf8c5a85cfa65c8ec3,2025-10-31T11:11:16Z,4,,5d93cbde0774455c9325355074f5ea37
spotify:track:0g8Ct5ayf7UrHIcCS7KoLR,e5bc1d75d91047bf8c5a85cfa65c8ec3,2025-10-31T11:11:16Z,1,,5d93cbde0774455c9325355074f5ea37
spotify:track:5YoITs1m0q8UOQ4AW7N5ga,e5bc1d75d91047bf8c5a85cfa65c8ec3,2025-10-31T11:11:16Z,3,,5d93cbde0774455c9325355074f5ea37
spotify:track:7ih7pYSRZgWCTXuOmrnXjX,e5bc1d75d91047bf8c5a85cfa65c8ec3,2025-10-31T11:11:16Z,2,,5d93cbde0774455c9325355074f5ea37
spotify:track:03UrZgTINDqvnUMbbIMhql,358deb46768b435fa9792a0b07ec3edc,2025-10-31T19:33:54Z,2,,5d93cbde0774455c9325355074f5ea37
spotify:track:5awDvzxWfd53SSrsRZ8pXO,358deb46768b435fa9792a0b07ec3edc,2025-10-31T19:33:54Z,1,,5d93cbde0774455c9325355074f5ea37
spotify:track:7AqUE5AY514dbzeOAfJRa0,358deb46768b435fa9792a0b07ec3edc,2025-10-31T19:33:54Z,1,,5d93cbde0774455c9325355074f5ea37
spotify:track:5YoITs1m0q8UOQ4AW7N5ga,358deb46768b435fa9792a0b07ec3edc,2025-10-31T19:33:54Z,3,This is my summer 2005 song. Young at that time had no idea what we were singing and dancing  to as well üòÜ,5d93cbde0774455c9325355074f5ea37
spotify:track:0J8JXuvQADkec6AThPGzjR,358deb46768b435fa9792a0b07ec3edc,2025-10-31T19:33:54Z,1,,5d93cbde0774455c9325355074f5ea37
spotify:track:6mhw2fEPH4fMF0wolNm96e,358deb46768b435fa9792a0b07ec3edc,2025-10-31T19:33:54Z,2,,5d93cbde0774455c9325355074f5ea37
spotify:track:7AqUE5AY514dbzeOAfJRa0,0f799cdea74542d58e7cbae2f55295ba,2025-11-01T20:40:43Z,3,,5d93cbde0774455c9325355074f5ea37
spotify:track:0g8Ct5ayf7UrHIcCS7KoLR,0f799cdea74542d58e7cbae2f55295ba,2025-11-01T20:40:43Z,3,,5d93cbde0774455c9325355074f5ea37
spotify:track:5awDvzxWfd53SSrsRZ8pXO,0f799cdea74542d58e7cbae2f55295ba,2025-11-01T20:40:43Z,4,,5d93cbde0774455c9325355074f5ea37
spotify:track:0g8Ct5ayf7UrHIcCS7KoLR,7d6f896a800440399fc393038965c91a,2025-11-02T11:07:43Z,1,,5d93cbde0774455c9325355074f5ea37
spotify:track:4k3f5roTRO8X6QKdhWZQdE,7d6f896a800440399fc393038965c91a,2025-11-02T11:07:43Z,5,,5d93cbde0774455c9325355074f5ea37
spotify:track:5awDvzxWfd53SSrsRZ8pXO,7d6f896a800440399fc393038965c91a,2025-11-02T11:07:43Z,1,,5d93cbde0774455c9325355074f5ea37
spotify:track:6mhw2fEPH4fMF0wolNm96e,7d6f896a800440399fc393038965c91a,2025-11-02T11:07:43Z,1,,5d93cbde0774455c9325355074f5ea37
spotify:track:7ih7pYSRZgWCTXuOmrnXjX,7d6f896a800440399fc393038965c91a,2025-11-02T11:07:43Z,1,,5d93cbde0774455c9325355074f5ea37
spotify:track:03UrZgTINDqvnUMbbIMhql,7d6f896a800440399fc393038965c91a,2025-11-02T11:07:43Z,1,,5d93cbde0774455c9325355074f5ea37
spotify:track:0g8Ct5ayf7UrHIcCS7KoLR,35e568d0fd964671b63dfded1e805166,2025-11-02T14:02:58Z,1,,5d93cbde0774455c9325355074f5ea37
spotify:track:0J8JXuvQADkec6AThPGzjR,35e568d0fd964671b63dfded1e805166,2025-11-02T14:02:58Z,1,,5d93cbde0774455c9325355074f5ea37
spotify:track:4k3f5roTRO8X6QKdhWZQdE,35e568d0fd964671b63dfded1e805166,2025-11-02T14:02:58Z,2,,5d93cbde0774455c9325355074f5ea37
spotify:track:7AqUE5AY514dbzeOAfJRa0,35e568d0fd964671b63dfded1e805166,2025-11-02T14:02:58Z,4,,5d93cbde0774455c9325355074f5ea37
spotify:track:7ih7pYSRZgWCTXuOmrnXjX,35e568d0fd964671b63dfded1e805166,2025-11-02T14:02:58Z,2,,5d93cbde0774455c9325355074f5ea37
spotify:track:5awDvzxWfd53SSrsRZ8pXO,1fbeb8e751b34026ab02e32e0c33ac04,2025-11-03T11:57:20Z,1,,5d93cbde0774455c9325355074f5ea37
spotify:track:03UrZgTINDqvnUMbbIMhql,1fbeb8e751b34026ab02e32e0c33ac04,2025-11-03T11:57:20Z,1,,5d93cbde0774455c9325355074f5ea37
spotify:track:0g8Ct5ayf7UrHIcCS7KoLR,1fbeb8e751b34026ab02e32e0c33ac04,2025-11-03T11:57:20Z,1,,5d93cbde0774455c9325355074f5ea37
spotify:track:0J8JXuvQADkec6AThPGzjR,1fbeb8e751b34026ab02e32e0c33ac04,2025-11-03T11:57:20Z,1,,5d93cbde0774455c9325355074f5ea37
spotify:track:1MiVlLMCKrMV0uikVZK2Za,1fbeb8e751b34026ab02e32e0c33ac04,2025-11-03T11:57:20Z,1,Veldig tematisk riktig p√• Halloween,5d93cbde0774455c9325355074f5ea37
spotify:track:5YoITs1m0q8UOQ4AW7N5ga,1fbeb8e751b34026ab02e32e0c33ac04,2025-11-03T11:57:20Z,3,"Dame-mas, kem kan forst√• n√•e, am I right boys",5d93cbde0774455c9325355074f5ea37
spotify:track:7AqUE5AY514dbzeOAfJRa0,1fbeb8e751b34026ab02e32e0c33ac04,2025-11-03T11:57:20Z,1,,5d93cbde0774455c9325355074f5ea37
spotify:track:7ih7pYSRZgWCTXuOmrnXjX,1fbeb8e751b34026ab02e32e0c33ac04,2025-11-03T11:57:20Z,1,,5d93cbde0774455c9325355074f5ea37
spotify:track:0J8JXuvQADkec6AThPGzjR,ca648ccb1a544236ab6e45caefcb8a10,2025-11-03T12:44:23Z,1,,5d93cbde0774455c9325355074f5ea37
spotify:track:1MiVlLMCKrMV0uikVZK2Za,ca648ccb1a544236ab6e45caefcb8a10,2025-11-03T12:44:23Z,3,,5d93cbde0774455c9325355074f5ea37
spotify:track:4iQRVlSQoRWM3Q84LvJal4,ca648ccb1a544236ab6e45caefcb8a10,2025-11-03T12:44:23Z,2,,5d93cbde0774455c9325355074f5ea37
spotify:track:4k3f5roTRO8X6QKdhWZQdE,ca648ccb1a544236ab6e45caefcb8a10,2025-11-03T12:44:23Z,2,,5d93cbde0774455c9325355074f5ea37
spotify:track:5awDvzxWfd53SSrsRZ8pXO,ca648ccb1a544236ab6e45caefcb8a10,2025-11-03T12:44:23Z,1,,5d93cbde0774455c9325355074f5ea37
spotify:track:7AqUE5AY514dbzeOAfJRa0,ca648ccb1a544236ab6e45caefcb8a10,2025-11-03T12:44:23Z,1,,5d93cbde0774455c9325355074f5ea37
spotify:track:03UrZgTINDqvnUMbbIMhql,d6e274c9bc254d2c843d0f44fa804b98,2025-11-03T14:50:24Z,1,,5d93cbde0774455c9325355074f5ea37
spotify:track:1MiVlLMCKrMV0uikVZK2Za,d6e274c9bc254d2c843d0f44fa804b98,2025-11-03T14:50:24Z,2,,5d93cbde0774455c9325355074f5ea37
spotify:track:4iQRVlSQoRWM3Q84LvJal4,d6e274c9bc254d2c843d0f44fa804b98,2025-11-03T14:50:24Z,1,,5d93cbde0774455c9325355074f5ea37
spotify:track:4k3f5roTRO8X6QKdhWZQdE,d6e274c9bc254d2c843d0f44fa804b98,2025-11-03T14:50:24Z,2,,5d93cbde0774455c9325355074f5ea37
spotify:track:5awDvzxWfd53SSrsRZ8pXO,d6e274c9bc254d2c843d0f44fa804b98,2025-11-03T14:50:24Z,3,,5d93cbde0774455c9325355074f5ea37
spotify:track:5YoITs1m0q8UOQ4AW7N5ga,d6e274c9bc254d2c843d0f44fa804b98,2025-11-03T14:50:24Z,1,,5d93cbde0774455c9325355074f5ea37
spotify:track:0g8Ct5ayf7UrHIcCS7KoLR,600f9469a79f4f72a4134cd162895e16,2025-11-04T09:38:29Z,2,,5d93cbde0774455c9325355074f5ea37
spotify:track:1MiVlLMCKrMV0uikVZK2Za,600f9469a79f4f72a4134cd162895e16,2025-11-04T09:38:29Z,2,,5d93cbde0774455c9325355074f5ea37
spotify:track:5awDvzxWfd53SSrsRZ8pXO,600f9469a79f4f72a4134cd162895e16,2025-11-04T09:38:29Z,2,,5d93cbde0774455c9325355074f5ea37
spotify:track:6mhw2fEPH4fMF0wolNm96e,600f9469a79f4f72a4134cd162895e16,2025-11-04T09:38:29Z,2,,5d93cbde0774455c9325355074f5ea37
spotify:track:7ih7pYSRZgWCTXuOmrnXjX,600f9469a79f4f72a4134cd162895e16,2025-11-04T09:38:29Z,2,,5d93cbde0774455c9325355074f5ea37
spotify:track:03UrZgTINDqvnUMbbIMhql,751eb74df7b64863b23e024d2b9ee01f,2025-11-04T10:27:13Z,2,,5d93cbde0774455c9325355074f5ea37
spotify:track:0g8Ct5ayf7UrHIcCS7KoLR,751eb74df7b64863b23e024d2b9ee01f,2025-11-04T10:27:13Z,2,,5d93cbde0774455c9325355074f5ea37
spotify:track:0J8JXuvQADkec6AThPGzjR,751eb74df7b64863b23e024d2b9ee01f,2025-11-04T10:27:13Z,1,,5d93cbde0774455c9325355074f5ea37
spotify:track:1MiVlLMCKrMV0uikVZK2Za,751eb74df7b64863b23e024d2b9ee01f,2025-11-04T10:27:13Z,1,,5d93cbde0774455c9325355074f5ea37
spotify:track:6mhw2fEPH4fMF0wolNm96e,751eb74df7b64863b23e024d2b9ee01f,2025-11-04T10:27:13Z,1,,5d93cbde0774455c9325355074f5ea37
spotify:track:7AqUE5AY514dbzeOAfJRa0,751eb74df7b64863b23e024d2b9ee01f,2025-11-04T10:27:13Z,1,,5d93cbde0774455c9325355074f5ea37
spotify:track:7ih7pYSRZgWCTXuOmrnXjX,751eb74df7b64863b23e024d2b9ee01f,2025-11-04T10:27:13Z,2,,5d93cbde0774455c9325355074f5ea37
spotify:track:1otmhZinn0A8kzh3bEQUY7,e5bc1d75d91047bf8c5a85cfa65c8ec3,2025-11-07T12:33:41Z,2,,84a26b511a9245cc94dc58a7eb21a296
spotify:track:49FYlytm3dAAraYgpoJZux,e5bc1d75d91047bf8c5a85cfa65c8ec3,2025-11-07T12:33:41Z,3,,84a26b511a9245cc94dc58a7eb21a296
spotify:track:5g6nzsOxwxdoj6sqAl0NXB,e5bc1d75d91047bf8c5a85cfa65c8ec3,2025-11-07T12:33:41Z,3,,84a26b511a9245cc94dc58a7eb21a296
spotify:track:7ofwGsHoV2jSUArRXWBHtZ,e5bc1d75d91047bf8c5a85cfa65c8ec3,2025-11-07T12:33:41Z,2,,84a26b511a9245cc94dc58a7eb21a296
spotify:track:1hm6ssIfZoHcg9O73zaTwq,1fbeb8e751b34026ab02e32e0c33ac04,2025-11-10T08:53:12Z,3,,84a26b511a9245cc94dc58a7eb21a296
spotify:track:3Al5aNJ6lu0LaQ6jsS2fQp,1fbeb8e751b34026ab02e32e0c33ac04,2025-11-10T08:53:12Z,1,,84a26b511a9245cc94dc58a7eb21a296
spotify:track:49FYlytm3dAAraYgpoJZux,1fbeb8e751b34026ab02e32e0c33ac04,2025-11-10T08:53:12Z,1,,84a26b511a9245cc94dc58a7eb21a296
spotify:track:4C0PqltKur5SJW7uWI9eOl,1fbeb8e751b34026ab02e32e0c33ac04,2025-11-10T08:53:12Z,3,,84a26b511a9245cc94dc58a7eb21a296
spotify:track:6dGnYIeXmHdcikdzNNDMm2,1fbeb8e751b34026ab02e32e0c33ac04,2025-11-10T08:53:12Z,1,,84a26b511a9245cc94dc58a7eb21a296
spotify:track:7ofwGsHoV2jSUArRXWBHtZ,1fbeb8e751b34026ab02e32e0c33ac04,2025-11-10T08:53:12Z,1,,84a26b511a9245cc94dc58a7eb21a296
spotify:track:1hm6ssIfZoHcg9O73zaTwq,7d6f896a800440399fc393038965c91a,2025-11-10T08:57:15Z,3,,84a26b511a9245cc94dc58a7eb21a296
spotify:track:1otmhZinn0A8kzh3bEQUY7,7d6f896a800440399fc393038965c91a,2025-11-10T08:57:15Z,3,,84a26b511a9245cc94dc58a7eb21a296
spotify:track:373vZ0g1dpWaUcrbh0WKhd,7d6f896a800440399fc393038965c91a,2025-11-10T08:57:15Z,1,,84a26b511a9245cc94dc58a7eb21a296
spotify:track:7ofwGsHoV2jSUArRXWBHtZ,7d6f896a800440399fc393038965c91a,2025-11-10T08:57:15Z,3,,84a26b511a9245cc94dc58a7eb21a296
spotify:track:1hm6ssIfZoHcg9O73zaTwq,0f799cdea74542d58e7cbae2f55295ba,2025-11-10T09:56:41Z,2,,84a26b511a9245cc94dc58a7eb21a296
spotify:track:1otmhZinn0A8kzh3bEQUY7,0f799cdea74542d58e7cbae2f55295ba,2025-11-10T09:56:41Z,2,,84a26b511a9245cc94dc58a7eb21a296
spotify:track:3Al5aNJ6lu0LaQ6jsS2fQp,0f799cdea74542d58e7cbae2f55295ba,2025-11-10T09:56:41Z,1,,84a26b511a9245cc94dc58a7eb21a296
spotify:track:5g6nzsOxwxdoj6sqAl0NXB,0f799cdea74542d58e7cbae2f55295ba,2025-11-10T09:56:41Z,2,,84a26b511a9245cc94dc58a7eb21a296
spotify:track:6dGnYIeXmHdcikdzNNDMm2,0f799cdea74542d58e7cbae2f55295ba,2025-11-10T09:56:41Z,3,,84a26b511a9245cc94dc58a7eb21a296
spotify:track:1hm6ssIfZoHcg9O73zaTwq,600f9469a79f4f72a4134cd162895e16,2025-11-10T18:22:06Z,2,,84a26b511a9245cc94dc58a7eb21a296
spotify:track:49FYlytm3dAAraYgpoJZux,600f9469a79f4f72a4134cd162895e16,2025-11-10T18:22:06Z,3,,84a26b511a9245cc94dc58a7eb21a296
spotify:track:5g6nzsOxwxdoj6sqAl0NXB,600f9469a79f4f72a4134cd162895e16,2025-11-10T18:22:06Z,2,,84a26b511a9245cc94dc58a7eb21a296
spotify:track:6dGnYIeXmHdcikdzNNDMm2,600f9469a79f4f72a4134cd162895e16,2025-11-10T18:22:06Z,3,,84a26b511a9245cc94dc58a7eb21a296
spotify:track:373vZ0g1dpWaUcrbh0WKhd,751eb74df7b64863b23e024d2b9ee01f,2025-11-11T10:41:10Z,3,Great music video for this song! Remember watching this on MTV together with my siblings üòä,84a26b511a9245cc94dc58a7eb21a296
spotify:track:49FYlytm3dAAraYgpoJZux,751eb74df7b64863b23e024d2b9ee01f,2025-11-11T10:41:10Z,1,,84a26b511a9245cc94dc58a7eb21a296
spotify:track:4C0PqltKur5SJW7uWI9eOl,751eb74df7b64863b23e024d2b9ee01f,2025-11-11T10:41:10Z,4,,84a26b511a9245cc94dc58a7eb21a296
spotify:track:5g6nzsOxwxdoj6sqAl0NXB,751eb74df7b64863b23e024d2b9ee01f,2025-11-11T10:41:10Z,1,,84a26b511a9245cc94dc58a7eb21a296
spotify:track:7ofwGsHoV2jSUArRXWBHtZ,751eb74df7b64863b23e024d2b9ee01f,2025-11-11T10:41:10Z,1,,84a26b511a9245cc94dc58a7eb21a296
spotify:track:1hm6ssIfZoHcg9O73zaTwq,358deb46768b435fa9792a0b07ec3edc,2025-11-11T14:28:52Z,1,,84a26b511a9245cc94dc58a7eb21a296
spotify:track:1otmhZinn0A8kzh3bEQUY7,358deb46768b435fa9792a0b07ec3edc,2025-11-11T14:28:52Z,1,,84a26b511a9245cc94dc58a7eb21a296
spotify:track:373vZ0g1dpWaUcrbh0WKhd,358deb46768b435fa9792a0b07ec3edc,2025-11-11T14:28:52Z,1,,84a26b511a9245cc94dc58a7eb21a296
spotify:track:3Al5aNJ6lu0LaQ6jsS2fQp,358deb46768b435fa9792a0b07ec3edc,2025-11-11T14:28:52Z,1,,84a26b511a9245cc94dc58a7eb21a296
spotify:track:4C0PqltKur5SJW7uWI9eOl,358deb46768b435fa9792a0b07ec3edc,2025-11-11T14:28:52Z,1,,84a26b511a9245cc94dc58a7eb21a296
spotify:track:5g6nzsOxwxdoj6sqAl0NXB,358deb46768b435fa9792a0b07ec3edc,2025-11-11T14:28:52Z,2,,84a26b511a9245cc94dc58a7eb21a296
spotify:track:6dGnYIeXmHdcikdzNNDMm2,358deb46768b435fa9792a0b07ec3edc,2025-11-11T14:28:52Z,2,,84a26b511a9245cc94dc58a7eb21a296
spotify:track:7ofwGsHoV2jSUArRXWBHtZ,358deb46768b435fa9792a0b07ec3edc,2025-11-11T14:28:52Z,1,,84a26b511a9245cc94dc58a7eb21a296
spotify:track:0bHD1nLe7Nhw55ZGJ92332,e5bc1d75d91047bf8c5a85cfa65c8ec3,2025-11-14T11:54:43Z,2,,f7026bc641634fb78848e26e6c0231b5
spotify:track:0nQLxiNGbbUoSGrxksETLm,e5bc1d75d91047bf8c5a85cfa65c8ec3,2025-11-14T11:54:43Z,1,,f7026bc641634fb78848e26e6c0231b5
spotify:track:3UmaczJpikHgJFyBTAJVoz,e5bc1d75d91047bf8c5a85cfa65c8ec3,2025-11-14T11:54:43Z,3,,f7026bc641634fb78848e26e6c0231b5
spotify:track:6CjtS2JZH9RkDz5UVInsa9,e5bc1d75d91047bf8c5a85cfa65c8ec3,2025-11-14T11:54:43Z,4,,f7026bc641634fb78848e26e6c0231b5
spotify:track:2Foc5Q5nqNiosCNqttzHof,d6e274c9bc254d2c843d0f44fa804b98,2025-11-14T12:19:46Z,2,,f7026bc641634fb78848e26e6c0231b5
spotify:track:3UmaczJpikHgJFyBTAJVoz,d6e274c9bc254d2c843d0f44fa804b98,2025-11-14T12:19:46Z,4,,f7026bc641634fb78848e26e6c0231b5
spotify:track:6nSKJWDpiNiLgmdofhgRXw,d6e274c9bc254d2c843d0f44fa804b98,2025-11-14T12:19:46Z,1,,f7026bc641634fb78848e26e6c0231b5
spotify:track:7pDI2bx4HABLftXYtjlFGS,d6e274c9bc254d2c843d0f44fa804b98,2025-11-14T12:19:46Z,3,,f7026bc641634fb78848e26e6c0231b5
spotify:track:0nQLxiNGbbUoSGrxksETLm,0f799cdea74542d58e7cbae2f55295ba,2025-11-14T13:26:14Z,1,,f7026bc641634fb78848e26e6c0231b5
spotify:track:1EzrEOXmMH3G43AXT1y7pA,0f799cdea74542d58e7cbae2f55295ba,2025-11-14T13:26:14Z,1,,f7026bc641634fb78848e26e6c0231b5
spotify:track:2Foc5Q5nqNiosCNqttzHof,0f799cdea74542d58e7cbae2f55295ba,2025-11-14T13:26:14Z,3,,f7026bc641634fb78848e26e6c0231b5
spotify:track:3UmaczJpikHgJFyBTAJVoz,0f799cdea74542d58e7cbae2f55295ba,2025-11-14T13:26:14Z,1,,f7026bc641634fb78848e26e6c0231b5
spotify:track:6CjtS2JZH9RkDz5UVInsa9,0f799cdea74542d58e7cbae2f55295ba,2025-11-14T13:26:14Z,2,,f7026bc641634fb78848e26e6c0231b5
spotify:track:6nSKJWDpiNiLgmdofhgRXw,0f799cdea74542d58e7cbae2f55295ba,2025-11-14T13:26:14Z,2,,f7026bc641634fb78848e26e6c0231b5
spotify:track:0bHD1nLe7Nhw55ZGJ92332,1fbeb8e751b34026ab02e32e0c33ac04,2025-11-17T09:35:45Z,2,,f7026bc641634fb78848e26e6c0231b5
spotify:track:0nQLxiNGbbUoSGrxksETLm,1fbeb8e751b34026ab02e32e0c33ac04,2025-11-17T09:35:45Z,2,,f7026bc641634fb78848e26e6c0231b5
spotify:track:2Foc5Q5nqNiosCNqttzHof,1fbeb8e751b34026ab02e32e0c33ac04,2025-11-17T09:35:45Z,1,,f7026bc641634fb78848e26e6c0231b5
spotify:track:3EJDX96b1RHCREPEZyBdhd,1fbeb8e751b34026ab02e32e0c33ac04,2025-11-17T09:35:45Z,2,,f7026bc641634fb78848e26e6c0231b5
spotify:track:6CjtS2JZH9RkDz5UVInsa9,1fbeb8e751b34026ab02e32e0c33ac04,2025-11-17T09:35:45Z,1,,f7026bc641634fb78848e26e6c0231b5
spotify:track:6nSKJWDpiNiLgmdofhgRXw,1fbeb8e751b34026ab02e32e0c33ac04,2025-11-17T09:35:45Z,1,,f7026bc641634fb78848e26e6c0231b5
spotify:track:7pDI2bx4HABLftXYtjlFGS,1fbeb8e751b34026ab02e32e0c33ac04,2025-11-17T09:35:45Z,1,The guys on the music league podium are getting cocky! üòÜ,f7026bc641634fb78848e26e6c0231b5
spotify:track:0bHD1nLe7Nhw55ZGJ92332,7d6f896a800440399fc393038965c91a,2025-11-17T10:15:37Z,2,,f7026bc641634fb78848e26e6c0231b5
spotify:track:0nQLxiNGbbUoSGrxksETLm,7d6f896a800440399fc393038965c91a,2025-11-17T10:15:37Z,2,,f7026bc641634fb78848e26e6c0231b5
spotify:track:6CjtS2JZH9RkDz5UVInsa9,7d6f896a800440399fc393038965c91a,2025-11-17T10:15:37Z,2,,f7026bc641634fb78848e26e6c0231b5
spotify:track:6nSKJWDpiNiLgmdofhgRXw,7d6f896a800440399fc393038965c91a,2025-11-17T10:15:37Z,2,,f7026bc641634fb78848e26e6c0231b5
spotify:track:7pDI2bx4HABLftXYtjlFGS,7d6f896a800440399fc393038965c91a,2025-11-17T10:15:37Z,2,"Oh, I remember this one, and the controversy :-D",f7026bc641634fb78848e26e6c0231b5
spotify:track:0bHD1nLe7Nhw55ZGJ92332,35e568d0fd964671b63dfded1e805166,2025-11-18T08:48:11Z,2,,f7026bc641634fb78848e26e6c0231b5
spotify:track:2Foc5Q5nqNiosCNqttzHof,35e568d0fd964671b63dfded1e805166,2025-11-18T08:48:11Z,2,,f7026bc641634fb78848e26e6c0231b5
spotify:track:3EJDX96b1RHCREPEZyBdhd,35e568d0fd964671b63dfded1e805166,2025-11-18T08:48:11Z,1,,f7026bc641634fb78848e26e6c0231b5
spotify:track:3UmaczJpikHgJFyBTAJVoz,35e568d0fd964671b63dfded1e805166,2025-11-18T08:48:11Z,2,,f7026bc641634fb78848e26e6c0231b5
spotify:track:6CjtS2JZH9RkDz5UVInsa9,35e568d0fd964671b63dfded1e805166,2025-11-18T08:48:11Z,2,,f7026bc641634fb78848e26e6c0231b5
spotify:track:7pDI2bx4HABLftXYtjlFGS,35e568d0fd964671b63dfded1e805166,2025-11-18T08:48:11Z,1,,f7026bc641634fb78848e26e6c0231b5
spotify:track:0bHD1nLe7Nhw55ZGJ92332,358deb46768b435fa9792a0b07ec3edc,2025-11-18T08:49:35Z,1,,f7026bc641634fb78848e26e6c0231b5
spotify:track:0nQLxiNGbbUoSGrxksETLm,358deb46768b435fa9792a0b07ec3edc,2025-11-18T08:49:35Z,3,,f7026bc641634fb78848e26e6c0231b5
spotify:track:1EzrEOXmMH3G43AXT1y7pA,358deb46768b435fa9792a0b07ec3edc,2025-11-18T08:49:35Z,2,,f7026bc641634fb78848e26e6c0231b5
spotify:track:2Foc5Q5nqNiosCNqttzHof,358deb46768b435fa9792a0b07ec3edc,2025-11-18T08:49:35Z,2,,f7026bc641634fb78848e26e6c0231b5
spotify:track:6CjtS2JZH9RkDz5UVInsa9,358deb46768b435fa9792a0b07ec3edc,2025-11-18T08:49:35Z,1,,f7026bc641634fb78848e26e6c0231b5
spotify:track:7pDI2bx4HABLftXYtjlFGS,358deb46768b435fa9792a0b07ec3edc,2025-11-18T08:49:35Z,1,,f7026bc641634fb78848e26e6c0231b5
spotify:track:0bHD1nLe7Nhw55ZGJ92332,751eb74df7b64863b23e024d2b9ee01f,2025-11-18T08:50:28Z,1,,f7026bc641634fb78848e26e6c0231b5
spotify:track:3EJDX96b1RHCREPEZyBdhd,751eb74df7b64863b23e024d2b9ee01f,2025-11-18T08:50:28Z,3,,f7026bc641634fb78848e26e6c0231b5
spotify:track:4PYiIgzcp4o5pEYji1xY9q,751eb74df7b64863b23e024d2b9ee01f,2025-11-18T08:50:28Z,1,,f7026bc641634fb78848e26e6c0231b5
spotify:track:6nSKJWDpiNiLgmdofhgRXw,751eb74df7b64863b23e024d2b9ee01f,2025-11-18T08:50:28Z,2,,f7026bc641634fb78848e26e6c0231b5
spotify:track:7pDI2bx4HABLftXYtjlFGS,751eb74df7b64863b23e024d2b9ee01f,2025-11-18T08:50:28Z,3,,f7026bc641634fb78848e26e6c0231b5
spotify:track:0nQLxiNGbbUoSGrxksETLm,600f9469a79f4f72a4134cd162895e16,2025-11-18T09:38:16Z,3,,f7026bc641634fb78848e26e6c0231b5
spotify:track:1EzrEOXmMH3G43AXT1y7pA,600f9469a79f4f72a4134cd162895e16,2025-11-18T09:38:16Z,2,,f7026bc641634fb78848e26e6c0231b5
spotify:track:2Foc5Q5nqNiosCNqttzHof,600f9469a79f4f72a4134cd162895e16,2025-11-18T09:38:16Z,2,,f7026bc641634fb78848e26e6c0231b5
spotify:track:3EJDX96b1RHCREPEZyBdhd,600f9469a79f4f72a4134cd162895e16,2025-11-18T09:38:16Z,3,,f7026bc641634fb78848e26e6c0231b5
spotify:track:0nQLxiNGbbUoSGrxksETLm,ca648ccb1a544236ab6e45caefcb8a10,2025-11-18T09:45:03Z,2,,f7026bc641634fb78848e26e6c0231b5
spotify:track:3EJDX96b1RHCREPEZyBdhd,ca648ccb1a544236ab6e45caefcb8a10,2025-11-18T09:45:03Z,1,,f7026bc641634fb78848e26e6c0231b5
spotify:track:3UmaczJpikHgJFyBTAJVoz,ca648ccb1a544236ab6e45caefcb8a10,2025-11-18T09:45:03Z,2,,f7026bc641634fb78848e26e6c0231b5
spotify:track:6CjtS2JZH9RkDz5UVInsa9,ca648ccb1a544236ab6e45caefcb8a10,2025-11-18T09:45:03Z,1,,f7026bc641634fb78848e26e6c0231b5
spotify:track:7pDI2bx4HABLftXYtjlFGS,ca648ccb1a544236ab6e45caefcb8a10,2025-11-18T09:45:03Z,4,,f7026bc641634fb78848e26e6c0231b5
spotify:track:0zsode8mKKQqC3LAIIi7Nf,d6e274c9bc254d2c843d0f44fa804b98,2025-11-21T11:39:14Z,2,,111c647de73a412c9f475aea57820646
spotify:track:2ZjcutfwP6cWIohAsuE8Mj,d6e274c9bc254d2c843d0f44fa804b98,2025-11-21T11:39:14Z,2,,111c647de73a412c9f475aea57820646
spotify:track:3qT4bUD1MaWpGrTwcvguhb,d6e274c9bc254d2c843d0f44fa804b98,2025-11-21T11:39:14Z,3,,111c647de73a412c9f475aea57820646
spotify:track:6Lf1ZPO4Q6B1eKIJztNrPN,d6e274c9bc254d2c843d0f44fa804b98,2025-11-21T11:39:14Z,3,,111c647de73a412c9f475aea57820646
spotify:track:1H5tvpoApNDxvxDexoaAUo,358deb46768b435fa9792a0b07ec3edc,2025-11-21T12:24:00Z,4,,111c647de73a412c9f475aea57820646
spotify:track:3LXzqwjJWhoHYIScm4JHY8,358deb46768b435fa9792a0b07ec3edc,2025-11-21T12:24:00Z,1,,111c647de73a412c9f475aea57820646
spotify:track:3qT4bUD1MaWpGrTwcvguhb,358deb46768b435fa9792a0b07ec3edc,2025-11-21T12:24:00Z,2,,111c647de73a412c9f475aea57820646
spotify:track:4yJZP61jBhVTesHBZ0gpQn,358deb46768b435fa9792a0b07ec3edc,2025-11-21T12:24:00Z,2,,111c647de73a412c9f475aea57820646
spotify:track:4Zl4u5XQLxs9FQCSR040eJ,358deb46768b435fa9792a0b07ec3edc,2025-11-21T12:24:00Z,1,,111c647de73a412c9f475aea57820646
spotify:track:1vG3iXRxDW2vlA7Boi39RQ,0f799cdea74542d58e7cbae2f55295ba,2025-11-24T08:20:51Z,4,,111c647de73a412c9f475aea57820646
spotify:track:2ZjcutfwP6cWIohAsuE8Mj,0f799cdea74542d58e7cbae2f55295ba,2025-11-24T08:20:51Z,2,,111c647de73a412c9f475aea57820646
spotify:track:3qT4bUD1MaWpGrTwcvguhb,0f799cdea74542d58e7cbae2f55295ba,2025-11-24T08:20:51Z,2,,111c647de73a412c9f475aea57820646
spotify:track:4Zl4u5XQLxs9FQCSR040eJ,0f799cdea74542d58e7cbae2f55295ba,2025-11-24T08:20:51Z,1,,111c647de73a412c9f475aea57820646
spotify:track:5HOpkTTVcmZHnthgyxrIL8,0f799cdea74542d58e7cbae2f55295ba,2025-11-24T08:20:51Z,1,,111c647de73a412c9f475aea57820646
spotify:track:1vG3iXRxDW2vlA7Boi39RQ,ca648ccb1a544236ab6e45caefcb8a10,2025-11-24T10:33:12Z,1,,111c647de73a412c9f475aea57820646
spotify:track:2ZjcutfwP6cWIohAsuE8Mj,ca648ccb1a544236ab6e45caefcb8a10,2025-11-24T10:33:12Z,1,,111c647de73a412c9f475aea57820646
spotify:track:3LXzqwjJWhoHYIScm4JHY8,ca648ccb1a544236ab6e45caefcb8a10,2025-11-24T10:33:12Z,2,,111c647de73a412c9f475aea57820646
spotify:track:3qT4bUD1MaWpGrTwcvguhb,ca648ccb1a544236ab6e45caefcb8a10,2025-11-24T10:33:12Z,1,,111c647de73a412c9f475aea57820646
spotify:track:4yJZP61jBhVTesHBZ0gpQn,ca648ccb1a544236ab6e45caefcb8a10,2025-11-24T10:33:12Z,2,,111c647de73a412c9f475aea57820646
spotify:track:6Lf1ZPO4Q6B1eKIJztNrPN,ca648ccb1a544236ab6e45caefcb8a10,2025-11-24T10:33:12Z,3,,111c647de73a412c9f475aea57820646
spotify:track:0zsode8mKKQqC3LAIIi7Nf,7d6f896a800440399fc393038965c91a,2025-11-24T11:10:55Z,2,,111c647de73a412c9f475aea57820646
spotify:track:1H5tvpoApNDxvxDexoaAUo,7d6f896a800440399fc393038965c91a,2025-11-24T11:10:55Z,0,Too many bad memories...,111c647de73a412c9f475aea57820646
spotify:track:1vG3iXRxDW2vlA7Boi39RQ,7d6f896a800440399fc393038965c91a,2025-11-24T11:10:55Z,3,,111c647de73a412c9f475aea57820646
spotify:track:2ZjcutfwP6cWIohAsuE8Mj,7d6f896a800440399fc393038965c91a,2025-11-24T11:10:55Z,4,,111c647de73a412c9f475aea57820646
spotify:track:3qT4bUD1MaWpGrTwcvguhb,7d6f896a800440399fc393038965c91a,2025-11-24T11:10:55Z,1,,111c647de73a412c9f475aea57820646
spotify:track:5HOpkTTVcmZHnthgyxrIL8,7d6f896a800440399fc393038965c91a,2025-11-24T11:10:55Z,0,Too obvious!,111c647de73a412c9f475aea57820646
spotify:track:0zsode8mKKQqC3LAIIi7Nf,35e568d0fd964671b63dfded1e805166,2025-11-24T12:54:03Z,1,,111c647de73a412c9f475aea57820646
spotify:track:1H5tvpoApNDxvxDexoaAUo,35e568d0fd964671b63dfded1e805166,2025-11-24T12:54:03Z,1,,111c647de73a412c9f475aea57820646
spotify:track:1vG3iXRxDW2vlA7Boi39RQ,35e568d0fd964671b63dfded1e805166,2025-11-24T12:54:03Z,1,,111c647de73a412c9f475aea57820646
spotify:track:2ZjcutfwP6cWIohAsuE8Mj,35e568d0fd964671b63dfded1e805166,2025-11-24T12:54:03Z,1,,111c647de73a412c9f475aea57820646
spotify:track:3LXzqwjJWhoHYIScm4JHY8,35e568d0fd964671b63dfded1e805166,2025-11-24T12:54:03Z,1,,111c647de73a412c9f475aea57820646
spotify:track:3qT4bUD1MaWpGrTwcvguhb,35e568d0fd964671b63dfded1e805166,2025-11-24T12:54:03Z,4,,111c647de73a412c9f475aea57820646
spotify:track:6Lf1ZPO4Q6B1eKIJztNrPN,35e568d0fd964671b63dfded1e805166,2025-11-24T12:54:03Z,1,,111c647de73a412c9f475aea57820646
spotify:track:1H5tvpoApNDxvxDexoaAUo,1fbeb8e751b34026ab02e32e0c33ac04,2025-11-24T13:36:17Z,0,den h√∏rer dessverre til p√• ei slik liste üòÜ,111c647de73a412c9f475aea57820646
spotify:track:1vG3iXRxDW2vlA7Boi39RQ,1fbeb8e751b34026ab02e32e0c33ac04,2025-11-24T13:36:17Z,4,Deilig gjenh√∏r!,111c647de73a412c9f475aea57820646
spotify:track:3LXzqwjJWhoHYIScm4JHY8,1fbeb8e751b34026ab02e32e0c33ac04,2025-11-24T13:36:17Z,1,,111c647de73a412c9f475aea57820646
spotify:track:3qT4bUD1MaWpGrTwcvguhb,1fbeb8e751b34026ab02e32e0c33ac04,2025-11-24T13:36:17Z,3,,111c647de73a412c9f475aea57820646
spotify:track:4Zl4u5XQLxs9FQCSR040eJ,1fbeb8e751b34026ab02e32e0c33ac04,2025-11-24T13:36:17Z,1,,111c647de73a412c9f475aea57820646
spotify:track:5HOpkTTVcmZHnthgyxrIL8,1fbeb8e751b34026ab02e32e0c33ac04,2025-11-24T13:36:17Z,1,den h√∏rer dessverre til p√• ei slik liste üòÜ,111c647de73a412c9f475aea57820646
spotify:track:0zsode8mKKQqC3LAIIi7Nf,751eb74df7b64863b23e024d2b9ee01f,2025-11-24T21:45:18Z,1,,111c647de73a412c9f475aea57820646
spotify:track:3qT4bUD1MaWpGrTwcvguhb,751eb74df7b64863b23e024d2b9ee01f,2025-11-24T21:45:18Z,2,,111c647de73a412c9f475aea57820646
spotify:track:4yJZP61jBhVTesHBZ0gpQn,751eb74df7b64863b23e024d2b9ee01f,2025-11-24T21:45:18Z,1,,111c647de73a412c9f475aea57820646
spotify:track:4Zl4u5XQLxs9FQCSR040eJ,751eb74df7b64863b23e024d2b9ee01f,2025-11-24T21:45:18Z,3,,111c647de73a412c9f475aea57820646
spotify:track:5HOpkTTVcmZHnthgyxrIL8,751eb74df7b64863b23e024d2b9ee01f,2025-11-24T21:45:18Z,1,,111c647de73a412c9f475aea57820646
spotify:track:6Lf1ZPO4Q6B1eKIJztNrPN,751eb74df7b64863b23e024d2b9ee01f,2025-11-24T21:45:18Z,2,,111c647de73a412c9f475aea57820646
spotify:track:1H5tvpoApNDxvxDexoaAUo,600f9469a79f4f72a4134cd162895e16,2025-11-25T09:05:33Z,1,,111c647de73a412c9f475aea57820646
spotify:track:2ZjcutfwP6cWIohAsuE8Mj,600f9469a79f4f72a4134cd162895e16,2025-11-25T09:05:33Z,2,,111c647de73a412c9f475aea57820646
spotify:track:3LXzqwjJWhoHYIScm4JHY8,600f9469a79f4f72a4134cd162895e16,2025-11-25T09:05:33Z,2,,111c647de73a412c9f475aea57820646
spotify:track:3qT4bUD1MaWpGrTwcvguhb,600f9469a79f4f72a4134cd162895e16,2025-11-25T09:05:33Z,2,Always some points for Black Animals üòä,111c647de73a412c9f475aea57820646
spotify:track:4yJZP61jBhVTesHBZ0gpQn,600f9469a79f4f72a4134cd162895e16,2025-11-25T09:05:33Z,1,,111c647de73a412c9f475aea57820646
spotify:track:5HOpkTTVcmZHnthgyxrIL8,600f9469a79f4f72a4134cd162895e16,2025-11-25T09:05:33Z,2,,111c647de73a412c9f475aea57820646
spotify:track:1u3H87qJJmmctHKtTdF0rr,358deb46768b435fa9792a0b07ec3edc,2025-11-28T13:19:21Z,4,"Finally, some quality music. Thank you for your submission! ",b040e111bf81413485a630f40c3afa12
spotify:track:2z71jdeVcC782NgsYZ6N8q,358deb46768b435fa9792a0b07ec3edc,2025-11-28T13:19:21Z,1,,b040e111bf81413485a630f40c3afa12
spotify:track:4iRg9tHDgmRPvv56IC46Pl,358deb46768b435fa9792a0b07ec3edc,2025-11-28T13:19:21Z,1,,b040e111bf81413485a630f40c3afa12
spotify:track:4jK6bBO2JbkvvgT7FPj8c5,358deb46768b435fa9792a0b07ec3edc,2025-11-28T13:19:21Z,1,,b040e111bf81413485a630f40c3afa12
spotify:track:72Z17vmmeQKAg8bptWvpVG,358deb46768b435fa9792a0b07ec3edc,2025-11-28T13:19:21Z,1,,b040e111bf81413485a630f40c3afa12
spotify:track:7efKRfmM305bVExwGXO6h7,358deb46768b435fa9792a0b07ec3edc,2025-11-28T13:19:21Z,2,,b040e111bf81413485a630f40c3afa12
spotify:track:2z71jdeVcC782NgsYZ6N8q,d6e274c9bc254d2c843d0f44fa804b98,2025-11-28T14:25:44Z,2,,b040e111bf81413485a630f40c3afa12
spotify:track:54yLLvpezvPO1lA3GspiZj,d6e274c9bc254d2c843d0f44fa804b98,2025-11-28T14:25:44Z,4,,b040e111bf81413485a630f40c3afa12
spotify:track:72Z17vmmeQKAg8bptWvpVG,d6e274c9bc254d2c843d0f44fa804b98,2025-11-28T14:25:44Z,3,,b040e111bf81413485a630f40c3afa12
spotify:track:7ACxUo21jtTHzy7ZEV56vU,d6e274c9bc254d2c843d0f44fa804b98,2025-11-28T14:25:44Z,1,,b040e111bf81413485a630f40c3afa12
spotify:track:1u3H87qJJmmctHKtTdF0rr,e5bc1d75d91047bf8c5a85cfa65c8ec3,2025-11-28T20:05:37Z,2,,b040e111bf81413485a630f40c3afa12
spotify:track:1uvyZBs4IZYRebHIB1747m,e5bc1d75d91047bf8c5a85cfa65c8ec3,2025-11-28T20:05:37Z,3,,b040e111bf81413485a630f40c3afa12
spotify:track:2z71jdeVcC782NgsYZ6N8q,e5bc1d75d91047bf8c5a85cfa65c8ec3,2025-11-28T20:05:37Z,4,,b040e111bf81413485a630f40c3afa12
spotify:track:72Z17vmmeQKAg8bptWvpVG,e5bc1d75d91047bf8c5a85cfa65c8ec3,2025-11-28T20:05:37Z,1,,b040e111bf81413485a630f40c3afa12
spotify:track:1u3H87qJJmmctHKtTdF0rr,35e568d0fd964671b63dfded1e805166,2025-12-01T11:02:49Z,1,,b040e111bf81413485a630f40c3afa12
spotify:track:1uvyZBs4IZYRebHIB1747m,35e568d0fd964671b63dfded1e805166,2025-12-01T11:02:49Z,2,,b040e111bf81413485a630f40c3afa12
spotify:track:4iRg9tHDgmRPvv56IC46Pl,35e568d0fd964671b63dfded1e805166,2025-12-01T11:02:49Z,2,,b040e111bf81413485a630f40c3afa12
spotify:track:4jK6bBO2JbkvvgT7FPj8c5,35e568d0fd964671b63dfded1e805166,2025-12-01T11:02:49Z,1,,b040e111bf81413485a630f40c3afa12
spotify:track:72Z17vmmeQKAg8bptWvpVG,35e568d0fd964671b63dfded1e805166,2025-12-01T11:02:49Z,2,,b040e111bf81413485a630f40c3afa12
spotify:track:7ACxUo21jtTHzy7ZEV56vU,35e568d0fd964671b63dfded1e805166,2025-12-01T11:02:49Z,1,,b040e111bf81413485a630f40c3afa12
spotify:track:7efKRfmM305bVExwGXO6h7,35e568d0fd964671b63dfded1e805166,2025-12-01T11:02:49Z,1,,b040e111bf81413485a630f40c3afa12
spotify:track:1u3H87qJJmmctHKtTdF0rr,7d6f896a800440399fc393038965c91a,2025-12-01T13:41:11Z,3,,b040e111bf81413485a630f40c3afa12
spotify:track:2z71jdeVcC782NgsYZ6N8q,7d6f896a800440399fc393038965c91a,2025-12-01T13:41:11Z,1,,b040e111bf81413485a630f40c3afa12
spotify:track:4iRg9tHDgmRPvv56IC46Pl,7d6f896a800440399fc393038965c91a,2025-12-01T13:41:11Z,1,,b040e111bf81413485a630f40c3afa12
spotify:track:72Z17vmmeQKAg8bptWvpVG,7d6f896a800440399fc393038965c91a,2025-12-01T13:41:11Z,1,,b040e111bf81413485a630f40c3afa12
spotify:track:7ACxUo21jtTHzy7ZEV56vU,7d6f896a800440399fc393038965c91a,2025-12-01T13:41:11Z,2,,b040e111bf81413485a630f40c3afa12
spotify:track:7efKRfmM305bVExwGXO6h7,7d6f896a800440399fc393038965c91a,2025-12-01T13:41:11Z,2,,b040e111bf81413485a630f40c3afa12
spotify:track:1u3H87qJJmmctHKtTdF0rr,0f799cdea74542d58e7cbae2f55295ba,2025-12-01T14:04:59Z,2,,b040e111bf81413485a630f40c3afa12
spotify:track:1uvyZBs4IZYRebHIB1747m,0f799cdea74542d58e7cbae2f55295ba,2025-12-01T14:04:59Z,1,,b040e111bf81413485a630f40c3afa12
spotify:track:2z71jdeVcC782NgsYZ6N8q,0f799cdea74542d58e7cbae2f55295ba,2025-12-01T14:04:59Z,3,,b040e111bf81413485a630f40c3afa12
spotify:track:4jK6bBO2JbkvvgT7FPj8c5,0f799cdea74542d58e7cbae2f55295ba,2025-12-01T14:04:59Z,1,,b040e111bf81413485a630f40c3afa12
spotify:track:54yLLvpezvPO1lA3GspiZj,0f799cdea74542d58e7cbae2f55295ba,2025-12-01T14:04:59Z,3,,b040e111bf81413485a630f40c3afa12
spotify:track:1u3H87qJJmmctHKtTdF0rr,ca648ccb1a544236ab6e45caefcb8a10,2025-12-01T15:19:03Z,1,,b040e111bf81413485a630f40c3afa12
spotify:track:1uvyZBs4IZYRebHIB1747m,ca648ccb1a544236ab6e45caefcb8a10,2025-12-01T15:19:03Z,1,,b040e111bf81413485a630f40c3afa12
spotify:track:2z71jdeVcC782NgsYZ6N8q,ca648ccb1a544236ab6e45caefcb8a10,2025-12-01T15:19:03Z,1,,b040e111bf81413485a630f40c3afa12
spotify:track:3Yv9CEIOJjpw8tgKJhbOcc,ca648ccb1a544236ab6e45caefcb8a10,2025-12-01T15:19:03Z,2,,b040e111bf81413485a630f40c3afa12
spotify:track:4iRg9tHDgmRPvv56IC46Pl,ca648ccb1a544236ab6e45caefcb8a10,2025-12-01T15:19:03Z,2,,b040e111bf81413485a630f40c3afa12
spotify:track:4jK6bBO2JbkvvgT7FPj8c5,ca648ccb1a544236ab6e45caefcb8a10,2025-12-01T15:19:03Z,2,,b040e111bf81413485a630f40c3afa12
spotify:track:54yLLvpezvPO1lA3GspiZj,ca648ccb1a544236ab6e45caefcb8a10,2025-12-01T15:19:03Z,1,,b040e111bf81413485a630f40c3afa12
spotify:track:1u3H87qJJmmctHKtTdF0rr,1fbeb8e751b34026ab02e32e0c33ac04,2025-12-02T08:03:51Z,2,,b040e111bf81413485a630f40c3afa12
spotify:track:2z71jdeVcC782NgsYZ6N8q,1fbeb8e751b34026ab02e32e0c33ac04,2025-12-02T08:03:51Z,1,,b040e111bf81413485a630f40c3afa12
spotify:track:3Yv9CEIOJjpw8tgKJhbOcc,1fbeb8e751b34026ab02e32e0c33ac04,2025-12-02T08:03:51Z,1,,b040e111bf81413485a630f40c3afa12
spotify:track:54yLLvpezvPO1lA3GspiZj,1fbeb8e751b34026ab02e32e0c33ac04,2025-12-02T08:03:51Z,2,,b040e111bf81413485a630f40c3afa12
spotify:track:72Z17vmmeQKAg8bptWvpVG,1fbeb8e751b34026ab02e32e0c33ac04,2025-12-02T08:03:51Z,2,,b040e111bf81413485a630f40c3afa12
spotify:track:7ACxUo21jtTHzy7ZEV56vU,1fbeb8e751b34026ab02e32e0c33ac04,2025-12-02T08:03:51Z,1,,b040e111bf81413485a630f40c3afa12
spotify:track:7efKRfmM305bVExwGXO6h7,1fbeb8e751b34026ab02e32e0c33ac04,2025-12-02T08:03:51Z,1,Bra funni'p√•,b040e111bf81413485a630f40c3afa12
spotify:track:1u3H87qJJmmctHKtTdF0rr,4ae7b0f87ef54f6aa2c0d84fd5095bc0,2025-12-02T08:58:18Z,3,,b040e111bf81413485a630f40c3afa12
spotify:track:1uvyZBs4IZYRebHIB1747m,4ae7b0f87ef54f6aa2c0d84fd5095bc0,2025-12-02T08:58:18Z,3,,b040e111bf81413485a630f40c3afa12
spotify:track:7ACxUo21jtTHzy7ZEV56vU,4ae7b0f87ef54f6aa2c0d84fd5095bc0,2025-12-02T08:58:18Z,2,,b040e111bf81413485a630f40c3afa12
spotify:track:7efKRfmM305bVExwGXO6h7,4ae7b0f87ef54f6aa2c0d84fd5095bc0,2025-12-02T08:58:18Z,2,,b040e111bf81413485a630f40c3afa12
spotify:track:1u3H87qJJmmctHKtTdF0rr,751eb74df7b64863b23e024d2b9ee01f,2025-12-02T10:06:35Z,2,,b040e111bf81413485a630f40c3afa12
spotify:track:1uvyZBs4IZYRebHIB1747m,751eb74df7b64863b23e024d2b9ee01f,2025-12-02T10:06:35Z,1,,b040e111bf81413485a630f40c3afa12
spotify:track:4iRg9tHDgmRPvv56IC46Pl,751eb74df7b64863b23e024d2b9ee01f,2025-12-02T10:06:35Z,3,,b040e111bf81413485a630f40c3afa12
spotify:track:4jK6bBO2JbkvvgT7FPj8c5,751eb74df7b64863b23e024d2b9ee01f,2025-12-02T10:06:35Z,1,,b040e111bf81413485a630f40c3afa12
spotify:track:72Z17vmmeQKAg8bptWvpVG,751eb74df7b64863b23e024d2b9ee01f,2025-12-02T10:06:35Z,1,,b040e111bf81413485a630f40c3afa12
spotify:track:7efKRfmM305bVExwGXO6h7,751eb74df7b64863b23e024d2b9ee01f,2025-12-02T10:06:35Z,2,,b040e111bf81413485a630f40c3afa12
spotify:track:1u3H87qJJmmctHKtTdF0rr,600f9469a79f4f72a4134cd162895e16,2025-12-02T10:12:02Z,3,,b040e111bf81413485a630f40c3afa12
spotify:track:1uvyZBs4IZYRebHIB1747m,600f9469a79f4f72a4134cd162895e16,2025-12-02T10:12:02Z,1,,b040e111bf81413485a630f40c3afa12
spotify:track:4jK6bBO2JbkvvgT7FPj8c5,600f9469a79f4f72a4134cd162895e16,2025-12-02T10:12:02Z,2,,b040e111bf81413485a630f40c3afa12
spotify:track:54yLLvpezvPO1lA3GspiZj,600f9469a79f4f72a4134cd162895e16,2025-12-02T10:12:02Z,2,,b040e111bf81413485a630f40c3afa12
spotify:track:72Z17vmmeQKAg8bptWvpVG,600f9469a79f4f72a4134cd162895e16,2025-12-02T10:12:02Z,2,,b040e111bf81413485a630f40c3afa12
spotify:track:2vs14joC41ddSLHDBk45Js,35e568d0fd964671b63dfded1e805166,2025-12-06T15:28:56Z,1,,27999c792a2e4e2f95557e010f306cbf
spotify:track:6qqrTXSdwiJaq8SO0X2lSe,35e568d0fd964671b63dfded1e805166,2025-12-06T15:28:56Z,2,,27999c792a2e4e2f95557e010f306cbf
spotify:track:6V4ntlX6608rd3Ec5SpVhj,35e568d0fd964671b63dfded1e805166,2025-12-06T15:28:56Z,3,,27999c792a2e4e2f95557e010f306cbf
spotify:track:7so0lgd0zP2Sbgs2d7a1SZ,35e568d0fd964671b63dfded1e805166,2025-12-06T15:28:56Z,4,,27999c792a2e4e2f95557e010f306cbf
spotify:track:4ljLLDHMsmMSATKF5BQUlV,d6e274c9bc254d2c843d0f44fa804b98,2025-12-08T09:03:21Z,2,,27999c792a2e4e2f95557e010f306cbf
spotify:track:6c0iubyk4OnTvTGBUzuDid,d6e274c9bc254d2c843d0f44fa804b98,2025-12-08T09:03:21Z,3,,27999c792a2e4e2f95557e010f306cbf
spotify:track:6qqrTXSdwiJaq8SO0X2lSe,d6e274c9bc254d2c843d0f44fa804b98,2025-12-08T09:03:21Z,3,,27999c792a2e4e2f95557e010f306cbf
spotify:track:7so0lgd0zP2Sbgs2d7a1SZ,d6e274c9bc254d2c843d0f44fa804b98,2025-12-08T09:03:21Z,2,,27999c792a2e4e2f95557e010f306cbf
spotify:track:2cGIuZSxcYFeXOZohkUEgy,e5bc1d75d91047bf8c5a85cfa65c8ec3,2025-12-08T10:05:07Z,2,,27999c792a2e4e2f95557e010f306cbf
spotify:track:2vs14joC41ddSLHDBk45Js,e5bc1d75d91047bf8c5a85cfa65c8ec3,2025-12-08T10:05:07Z,1,,27999c792a2e4e2f95557e010f306cbf
spotify:track:4pawR52ONFQTCYUzI6C2xZ,e5bc1d75d91047bf8c5a85cfa65c8ec3,2025-12-08T10:05:07Z,4,,27999c792a2e4e2f95557e010f306cbf
spotify:track:6c0iubyk4OnTvTGBUzuDid,e5bc1d75d91047bf8c5a85cfa65c8ec3,2025-12-08T10:05:07Z,1,,27999c792a2e4e2f95557e010f306cbf
spotify:track:6V4ntlX6608rd3Ec5SpVhj,e5bc1d75d91047bf8c5a85cfa65c8ec3,2025-12-08T10:05:07Z,2,,27999c792a2e4e2f95557e010f306cbf
spotify:track:2UwXKNBx2Kygdk8FXjJU78,1fbeb8e751b34026ab02e32e0c33ac04,2025-12-08T11:16:00Z,2,Kunne v√¶rt meny-musikk i FIFA,27999c792a2e4e2f95557e010f306cbf
spotify:track:2cGIuZSxcYFeXOZohkUEgy,1fbeb8e751b34026ab02e32e0c33ac04,2025-12-08T11:16:00Z,1,,27999c792a2e4e2f95557e010f306cbf
spotify:track:2vs14joC41ddSLHDBk45Js,1fbeb8e751b34026ab02e32e0c33ac04,2025-12-08T11:16:00Z,1,,27999c792a2e4e2f95557e010f306cbf
spotify:track:4pawR52ONFQTCYUzI6C2xZ,1fbeb8e751b34026ab02e32e0c33ac04,2025-12-08T11:16:00Z,1,,27999c792a2e4e2f95557e010f306cbf
spotify:track:6c0iubyk4OnTvTGBUzuDid,1fbeb8e751b34026ab02e32e0c33ac04,2025-12-08T11:16:00Z,1,,27999c792a2e4e2f95557e010f306cbf
spotify:track:6qqrTXSdwiJaq8SO0X2lSe,1fbeb8e751b34026ab02e32e0c33ac04,2025-12-08T11:16:00Z,1,,27999c792a2e4e2f95557e010f306cbf
spotify:track:6V4ntlX6608rd3Ec5SpVhj,1fbeb8e751b34026ab02e32e0c33ac04,2025-12-08T11:16:00Z,3,,27999c792a2e4e2f95557e010f306cbf
spotify:track:2vs14joC41ddSLHDBk45Js,358deb46768b435fa9792a0b07ec3edc,2025-12-08T12:40:37Z,1,,27999c792a2e4e2f95557e010f306cbf
spotify:track:7so0lgd0zP2Sbgs2d7a1SZ,358deb46768b435fa9792a0b07ec3edc,2025-12-08T12:40:37Z,2,,27999c792a2e4e2f95557e010f306cbf
spotify:track:6qqrTXSdwiJaq8SO0X2lSe,358deb46768b435fa9792a0b07ec3edc,2025-12-08T12:40:37Z,3,,27999c792a2e4e2f95557e010f306cbf
spotify:track:6c0iubyk4OnTvTGBUzuDid,358deb46768b435fa9792a0b07ec3edc,2025-12-08T12:40:37Z,1,,27999c792a2e4e2f95557e010f306cbf
spotify:track:53iuhJlwXhSER5J2IYYv1W,358deb46768b435fa9792a0b07ec3edc,2025-12-08T12:40:37Z,2,,27999c792a2e4e2f95557e010f306cbf
spotify:track:4pawR52ONFQTCYUzI6C2xZ,358deb46768b435fa9792a0b07ec3edc,2025-12-08T12:40:37Z,1,,27999c792a2e4e2f95557e010f306cbf
spotify:track:4pawR52ONFQTCYUzI6C2xZ,7d6f896a800440399fc393038965c91a,2025-12-08T13:23:18Z,5,,27999c792a2e4e2f95557e010f306cbf
spotify:track:4ljLLDHMsmMSATKF5BQUlV,7d6f896a800440399fc393038965c91a,2025-12-08T13:23:18Z,5,This hits so hard!,27999c792a2e4e2f95557e010f306cbf
spotify:track:7so0lgd0zP2Sbgs2d7a1SZ,0f799cdea74542d58e7cbae2f55295ba,2025-12-09T09:17:15Z,1,,27999c792a2e4e2f95557e010f306cbf
spotify:track:2UwXKNBx2Kygdk8FXjJU78,0f799cdea74542d58e7cbae2f55295ba,2025-12-09T09:17:15Z,2,,27999c792a2e4e2f95557e010f306cbf
spotify:track:2vs14joC41ddSLHDBk45Js,0f799cdea74542d58e7cbae2f55295ba,2025-12-09T09:17:15Z,1,,27999c792a2e4e2f95557e010f306cbf
spotify:track:4pawR52ONFQTCYUzI6C2xZ,0f799cdea74542d58e7cbae2f55295ba,2025-12-09T09:17:15Z,1,,27999c792a2e4e2f95557e010f306cbf
spotify:track:6c0iubyk4OnTvTGBUzuDid,0f799cdea74542d58e7cbae2f55295ba,2025-12-09T09:17:15Z,1,,27999c792a2e4e2f95557e010f306cbf
spotify:track:6qqrTXSdwiJaq8SO0X2lSe,0f799cdea74542d58e7cbae2f55295ba,2025-12-09T09:17:15Z,2,,27999c792a2e4e2f95557e010f306cbf
spotify:track:6V4ntlX6608rd3Ec5SpVhj,0f799cdea74542d58e7cbae2f55295ba,2025-12-09T09:17:15Z,2,,27999c792a2e4e2f95557e010f306cbf
spotify:track:7so0lgd0zP2Sbgs2d7a1SZ,600f9469a79f4f72a4134cd162895e16,2025-12-09T09:52:33Z,3,,27999c792a2e4e2f95557e010f306cbf
spotify:track:6V4ntlX6608rd3Ec5SpVhj,600f9469a79f4f72a4134cd162895e16,2025-12-09T09:52:33Z,1,,27999c792a2e4e2f95557e010f306cbf
spotify:track:6qqrTXSdwiJaq8SO0X2lSe,600f9469a79f4f72a4134cd162895e16,2025-12-09T09:52:33Z,2,,27999c792a2e4e2f95557e010f306cbf
spotify:track:4ljLLDHMsmMSATKF5BQUlV,600f9469a79f4f72a4134cd162895e16,2025-12-09T09:52:33Z,1,,27999c792a2e4e2f95557e010f306cbf
spotify:track:2cGIuZSxcYFeXOZohkUEgy,600f9469a79f4f72a4134cd162895e16,2025-12-09T09:52:33Z,3,,27999c792a2e4e2f95557e010f306cbf
spotify:track:1FlxqJmoZWS2q1uRlyZVur,35e568d0fd964671b63dfded1e805166,2025-12-12T12:10:14Z,2,,75788b4228314edfafd88c289051b033
spotify:track:2FRnf9qhLbvw8fu4IBXx78,35e568d0fd964671b63dfded1e805166,2025-12-12T12:10:14Z,2,,75788b4228314edfafd88c289051b033
spotify:track:5q54Y9ZR4F0Nh8F83IJB9l,35e568d0fd964671b63dfded1e805166,2025-12-12T12:10:14Z,2,,75788b4228314edfafd88c289051b033
spotify:track:6trxvx0yHHnGqpkWGJkKag,35e568d0fd964671b63dfded1e805166,2025-12-12T12:10:14Z,1,,75788b4228314edfafd88c289051b033
spotify:track:7qRBiX2P5wDMD5wkXEsRMD,35e568d0fd964671b63dfded1e805166,2025-12-12T12:10:14Z,2,,75788b4228314edfafd88c289051b033
spotify:track:7uoFMmxln0GPXQ0AcCBXRq,35e568d0fd964671b63dfded1e805166,2025-12-12T12:10:14Z,1,,75788b4228314edfafd88c289051b033
spotify:track:1FlxqJmoZWS2q1uRlyZVur,7d6f896a800440399fc393038965c91a,2025-12-12T12:38:34Z,1,,75788b4228314edfafd88c289051b033
spotify:track:2mYwYlM3pcWKsqIofMMT8U,7d6f896a800440399fc393038965c91a,2025-12-12T12:38:34Z,1,,75788b4228314edfafd88c289051b033
spotify:track:3Z3QhZAZpqwZa1phsbQ3JZ,7d6f896a800440399fc393038965c91a,2025-12-12T12:38:34Z,2,,75788b4228314edfafd88c289051b033
spotify:track:5q54Y9ZR4F0Nh8F83IJB9l,7d6f896a800440399fc393038965c91a,2025-12-12T12:38:34Z,2,,75788b4228314edfafd88c289051b033
spotify:track:6trxvx0yHHnGqpkWGJkKag,7d6f896a800440399fc393038965c91a,2025-12-12T12:38:34Z,1,,75788b4228314edfafd88c289051b033
spotify:track:7qRBiX2P5wDMD5wkXEsRMD,7d6f896a800440399fc393038965c91a,2025-12-12T12:38:34Z,3,,75788b4228314edfafd88c289051b033
spotify:track:1FlxqJmoZWS2q1uRlyZVur,e5bc1d75d91047bf8c5a85cfa65c8ec3,2025-12-12T13:05:52Z,2,,75788b4228314edfafd88c289051b033
spotify:track:3Z3QhZAZpqwZa1phsbQ3JZ,e5bc1d75d91047bf8c5a85cfa65c8ec3,2025-12-12T13:05:52Z,1,,75788b4228314edfafd88c289051b033
spotify:track:6trxvx0yHHnGqpkWGJkKag,e5bc1d75d91047bf8c5a85cfa65c8ec3,2025-12-12T13:05:52Z,3,,75788b4228314edfafd88c289051b033
spotify:track:7qRBiX2P5wDMD5wkXEsRMD,e5bc1d75d91047bf8c5a85cfa65c8ec3,2025-12-12T13:05:52Z,4,,75788b4228314edfafd88c289051b033
spotify:track:0Giv6KVFpFI1Pyqnw108VF,0f799cdea74542d58e7cbae2f55295ba,2025-12-12T13:28:53Z,3,,75788b4228314edfafd88c289051b033
spotify:track:3Z3QhZAZpqwZa1phsbQ3JZ,0f799cdea74542d58e7cbae2f55295ba,2025-12-12T13:28:53Z,1,,75788b4228314edfafd88c289051b033
spotify:track:5OXMJJyeKTqYjgMPL5BohL,0f799cdea74542d58e7cbae2f55295ba,2025-12-12T13:28:53Z,2,,75788b4228314edfafd88c289051b033
spotify:track:6trxvx0yHHnGqpkWGJkKag,0f799cdea74542d58e7cbae2f55295ba,2025-12-12T13:28:53Z,2,,75788b4228314edfafd88c289051b033
spotify:track:7uoFMmxln0GPXQ0AcCBXRq,0f799cdea74542d58e7cbae2f55295ba,2025-12-12T13:28:53Z,2,,75788b4228314edfafd88c289051b033
spotify:track:0Giv6KVFpFI1Pyqnw108VF,358deb46768b435fa9792a0b07ec3edc,2025-12-13T08:10:57Z,1,,75788b4228314edfafd88c289051b033
spotify:track:1FlxqJmoZWS2q1uRlyZVur,358deb46768b435fa9792a0b07ec3edc,2025-12-13T08:10:57Z,1,,75788b4228314edfafd88c289051b033
spotify:track:2FRnf9qhLbvw8fu4IBXx78,358deb46768b435fa9792a0b07ec3edc,2025-12-13T08:10:57Z,1,,75788b4228314edfafd88c289051b033
spotify:track:3Z3QhZAZpqwZa1phsbQ3JZ,358deb46768b435fa9792a0b07ec3edc,2025-12-13T08:10:57Z,2,,75788b4228314edfafd88c289051b033
spotify:track:5OXMJJyeKTqYjgMPL5BohL,358deb46768b435fa9792a0b07ec3edc,2025-12-13T08:10:57Z,1,,75788b4228314edfafd88c289051b033
spotify:track:5q54Y9ZR4F0Nh8F83IJB9l,358deb46768b435fa9792a0b07ec3edc,2025-12-13T08:10:57Z,1,,75788b4228314edfafd88c289051b033
spotify:track:6trxvx0yHHnGqpkWGJkKag,358deb46768b435fa9792a0b07ec3edc,2025-12-13T08:10:57Z,1,,75788b4228314edfafd88c289051b033
spotify:track:7qRBiX2P5wDMD5wkXEsRMD,358deb46768b435fa9792a0b07ec3edc,2025-12-13T08:10:57Z,1,,75788b4228314edfafd88c289051b033
spotify:track:7uoFMmxln0GPXQ0AcCBXRq,358deb46768b435fa9792a0b07ec3edc,2025-12-13T08:10:57Z,1,,75788b4228314edfafd88c289051b033
spotify:track:0Giv6KVFpFI1Pyqnw108VF,d6e274c9bc254d2c843d0f44fa804b98,2025-12-15T06:53:08Z,3,,75788b4228314edfafd88c289051b033
spotify:track:1FlxqJmoZWS2q1uRlyZVur,d6e274c9bc254d2c843d0f44fa804b98,2025-12-15T06:53:08Z,3,,75788b4228314edfafd88c289051b033
spotify:track:3Z3QhZAZpqwZa1phsbQ3JZ,d6e274c9bc254d2c843d0f44fa804b98,2025-12-15T06:53:08Z,3,,75788b4228314edfafd88c289051b033
spotify:track:5q54Y9ZR4F0Nh8F83IJB9l,d6e274c9bc254d2c843d0f44fa804b98,2025-12-15T06:53:08Z,1,,75788b4228314edfafd88c289051b033
spotify:track:0Giv6KVFpFI1Pyqnw108VF,ca648ccb1a544236ab6e45caefcb8a10,2025-12-15T11:48:48Z,1,,75788b4228314edfafd88c289051b033
spotify:track:1FlxqJmoZWS2q1uRlyZVur,ca648ccb1a544236ab6e45caefcb8a10,2025-12-15T11:48:48Z,2,,75788b4228314edfafd88c289051b033
spotify:track:2FRnf9qhLbvw8fu4IBXx78,ca648ccb1a544236ab6e45caefcb8a10,2025-12-15T11:48:48Z,1,,75788b4228314edfafd88c289051b033
spotify:track:5OXMJJyeKTqYjgMPL5BohL,ca648ccb1a544236ab6e45caefcb8a10,2025-12-15T11:48:48Z,2,,75788b4228314edfafd88c289051b033
spotify:track:7qRBiX2P5wDMD5wkXEsRMD,ca648ccb1a544236ab6e45caefcb8a10,2025-12-15T11:48:48Z,3,,75788b4228314edfafd88c289051b033
spotify:track:7uoFMmxln0GPXQ0AcCBXRq,ca648ccb1a544236ab6e45caefcb8a10,2025-12-15T11:48:48Z,1,,75788b4228314edfafd88c289051b033
spotify:track:0Giv6KVFpFI1Pyqnw108VF,1fbeb8e751b34026ab02e32e0c33ac04,2025-12-15T12:06:49Z,3,,75788b4228314edfafd88c289051b033
spotify:track:3Z3QhZAZpqwZa1phsbQ3JZ,1fbeb8e751b34026ab02e32e0c33ac04,2025-12-15T12:06:49Z,2,,75788b4228314edfafd88c289051b033
spotify:track:6trxvx0yHHnGqpkWGJkKag,1fbeb8e751b34026ab02e32e0c33ac04,2025-12-15T12:06:49Z,3,,75788b4228314edfafd88c289051b033
spotify:track:7qRBiX2P5wDMD5wkXEsRMD,1fbeb8e751b34026ab02e32e0c33ac04,2025-12-15T12:06:49Z,2,,75788b4228314edfafd88c289051b033
spotify:track:0Giv6KVFpFI1Pyqnw108VF,751eb74df7b64863b23e024d2b9ee01f,2025-12-16T09:06:50Z,1,,75788b4228314edfafd88c289051b033
spotify:track:2mYwYlM3pcWKsqIofMMT8U,751eb74df7b64863b23e024d2b9ee01f,2025-12-16T09:06:50Z,1,,75788b4228314edfafd88c289051b033
spotify:track:3Z3QhZAZpqwZa1phsbQ3JZ,751eb74df7b64863b23e024d2b9ee01f,2025-12-16T09:06:50Z,2,,75788b4228314edfafd88c289051b033
spotify:track:5q54Y9ZR4F0Nh8F83IJB9l,751eb74df7b64863b23e024d2b9ee01f,2025-12-16T09:06:50Z,2,,75788b4228314edfafd88c289051b033
spotify:track:6trxvx0yHHnGqpkWGJkKag,751eb74df7b64863b23e024d2b9ee01f,2025-12-16T09:06:50Z,2,,75788b4228314edfafd88c289051b033
spotify:track:7qRBiX2P5wDMD5wkXEsRMD,751eb74df7b64863b23e024d2b9ee01f,2025-12-16T09:06:50Z,2,,75788b4228314edfafd88c289051b033
spotify:track:0Giv6KVFpFI1Pyqnw108VF,600f9469a79f4f72a4134cd162895e16,2025-12-16T09:22:10Z,1,,75788b4228314edfafd88c289051b033
spotify:track:1FlxqJmoZWS2q1uRlyZVur,600f9469a79f4f72a4134cd162895e16,2025-12-16T09:22:10Z,2,,75788b4228314edfafd88c289051b033
spotify:track:2FRnf9qhLbvw8fu4IBXx78,600f9469a79f4f72a4134cd162895e16,2025-12-16T09:22:10Z,2,,75788b4228314edfafd88c289051b033
spotify:track:3Z3QhZAZpqwZa1phsbQ3JZ,600f9469a79f4f72a4134cd162895e16,2025-12-16T09:22:10Z,3,,75788b4228314edfafd88c289051b033
spotify:track:5q54Y9ZR4F0Nh8F83IJB9l,600f9469a79f4f72a4134cd162895e16,2025-12-16T09:22:10Z,1,,75788b4228314edfafd88c289051b033
spotify:track:7qRBiX2P5wDMD5wkXEsRMD,600f9469a79f4f72a4134cd162895e16,2025-12-16T09:22:10Z,1,,75788b4228314edfafd88c289051b033
